jan,name
514549995648300,【未開封】iPhone 17 Pro 256GB orange
514549995648294,【未開封】iPhone 17 Pro 256GB silver
514549995648317,【未開封】iPhone 17 Pro 256GB blue
514549995648331,【未開封】iPhone 17 Pro 512GB orange
514549995648324,【未開封】iPhone 17 Pro 512GB silver
514549995648348,【未開封】iPhone 17 Pro 512GB blue
514549995648362,【未開封】iPhone 17 Pro 1TB orange
514549995648355,【未開封】iPhone 17 Pro 1TB silver
514549995648379,【未開封】iPhone 17 Pro 1TB blue
524549995648300,【開封open】iPhone 17 Pro 256GB orange
524549995648294,【開封open】iPhone 17 Pro 256GB silver
524549995648317,【開封open】iPhone 17 Pro 256GB blue
524549995648331,【開封open】iPhone 17 Pro 512GB orange
524549995648324,【開封open】iPhone 17 Pro 512GB silver
524549995648348,【開封open】iPhone 17 Pro 512GB blue
524549995648362,【開封open】iPhone 17 Pro 1TB orange
524549995648355,【開封open】iPhone 17 Pro 1TB silver
524549995648379,【開封open】iPhone 17 Pro 1TB blue
514549995649291,【未開封】iPhone 17 Pro Max 256GB orange
514549995649284,【未開封】iPhone 17 Pro Max 256GB silver
514549995649307,【未開封】iPhone 17 Pro Max 256GB blue
514549995649321,【未開封】iPhone 17 Pro Max 512GB orange
514549995649314,【未開封】iPhone 17 Pro Max 512GB silver
514549995649338,【未開封】iPhone 17 Pro Max 512GB blue
514549995649352,【未開封】iPhone 17 Pro Max 1TB orange
514549995649345,【未開封】iPhone 17 Pro Max 1TB silver
514549995649369,【未開封】iPhone 17 Pro Max 1TB blue
514549995649383,【未開封】iPhone 17 Pro Max 2TB orange
514549995649376,【未開封】iPhone 17 Pro Max 2TB silver
514549995649390,【未開封】iPhone 17 Pro Max 2TB blue
524549995649291,【開封open】iPhone 17 Pro Max 256GB orange
524549995649284,【開封open】iPhone 17 Pro Max 256GB silver
524549995649307,【開封open】iPhone 17 Pro Max 256GB blue
524549995649321,【開封open】iPhone 17 Pro Max 512GB orange
524549995649314,【開封open】iPhone 17 Pro Max 512GB silver
524549995649338,【開封open】iPhone 17 Pro Max 512GB blue
524549995649352,【開封open】iPhone 17 Pro Max 1TB orange
524549995649345,【開封open】iPhone 17 Pro Max 1TB silver
524549995649369,【開封open】iPhone 17 Pro Max 1TB blue
524549995649383,【開封open】iPhone 17 Pro Max 2TB orange
524549995649376,【開封open】iPhone 17 Pro Max 2TB silver
524549995649390,【開封open】iPhone 17 Pro Max 2TB blue
514549995649154,【未開封】iPhone 17 256GB black
514549995649161,【未開封】iPhone 17 256GB white
514549995649178,【未開封】iPhone 17 256GB blue
514549995649185,【未開封】iPhone 17 256GB purple
514549995649192,【未開封】iPhone 17 256GB green
514549995649208,【未開封】iPhone 17 512GB black
514549995649215,【未開封】iPhone 17 512GB white
514549995649222,【未開封】iPhone 17 512GB blue
514549995649239,【未開封】iPhone 17 512GB purple
514549995649246,【未開封】iPhone 17 512GB green
524549995649154,【開封open】iPhone 17 256GB black
524549995649161,【開封open】iPhone 17 256GB white
524549995649178,【開封open】iPhone 17 256GB blue
524549995649185,【開封open】iPhone 17 256GB purple
524549995649192,【開封open】iPhone 17 256GB green
524549995649208,【開封open】iPhone 17 512GB black
524549995649215,【開封open】iPhone 17 512GB white
524549995649222,【開封open】iPhone 17 512GB blue
524549995649239,【開封open】iPhone 17 512GB purple
524549995649246,【開封open】iPhone 17 512GB green
514549995647501,【未開封】iPhone 17 air 256GB black
514549995647518,【未開封】iPhone 17 air 256GB white
514549995647525,【未開封】iPhone 17 air 256GB gold
514549995647532,【未開封】iPhone 17 air 256GB skyblue
514549995647549,【未開封】iPhone 17 air 512GB black
514549995647556,【未開封】iPhone 17 air 512GB white
514549995647563,【未開封】iPhone 17 air 512GB gold
514549995647570,【未開封】iPhone 17 air 512GB skyblue
514549995647587,【未開封】iPhone 17 air 1TB black
514549995647594,【未開封】iPhone 17 air 1TB white
514549995647600,【未開封】iPhone 17 air 1TB gold
514549995647617,【未開封】iPhone 17 air 1TB skyblue
524549995647501,【開封open】iPhone 17 air 256GB black
524549995647518,【開封open】iPhone 17 air 256GB white
524549995647525,【開封open】iPhone 17 air 256GB gold
524549995647532,【開封open】iPhone 17 air 256GB skyblue
524549995647549,【開封open】iPhone 17 air 512GB black
524549995647556,【開封open】iPhone 17 air 512GB white
524549995647563,【開封open】iPhone 17 air 512GB gold
524549995647570,【開封open】iPhone 17 air 512GB skyblue
524549995647587,【開封open】iPhone 17 air 1TB black
524549995647594,【開封open】iPhone 17 air 1TB white
524549995647600,【開封open】iPhone 17 air 1TB gold
524549995647617,【開封open】iPhone 17 air 1TB skyblue
514549995532562,【未開封】iPhone 16 Pro 128GB desert
514549995532616,【未開封】iPhone 16 Pro 128GB natural
514549995532517,【未開封】iPhone 16 Pro 128GB white
514549995532463,【未開封】iPhone 16 Pro 128GB black
514549995532760,【未開封】iPhone 16 Pro 256GB desert
514549995532814,【未開封】iPhone 16 Pro 256GB natural
514549995532715,【未開封】iPhone 16 Pro 256GB white
514549995532661,【未開封】iPhone 16 Pro 256GB black
514549995532968,【未開封】iPhone 16 Pro 512GB desert
514549995533019,【未開封】iPhone 16 Pro 512GB natural
514549995532913,【未開封】iPhone 16 Pro 512GB white
514549995532869,【未開封】iPhone 16 Pro 512GB black
514549995533163,【未開封】iPhone 16 Pro 1TB desert
514549995533217,【未開封】iPhone 16 Pro 1TB natural
514549995533118,【未開封】iPhone 16 Pro 1TB white
514549995533064,【未開封】iPhone 16 Pro 1TB black
524549995532562,【開封open】iPhone 16 Pro 128GB desert
524549995532616,【開封open】iPhone 16 Pro 128GB natural
524549995532517,【開封open】iPhone 16 Pro 128GB white
524549995532463,【開封open】iPhone 16 Pro 128GB black
524549995532760,【開封open】iPhone 16 Pro 256GB desert
524549995532814,【開封open】iPhone 16 Pro 256GB natural
524549995532715,【開封open】iPhone 16 Pro 256GB white
524549995532661,【開封open】iPhone 16 Pro 256GB black
524549995532968,【開封open】iPhone 16 Pro 512GB desert
524549995533019,【開封open】iPhone 16 Pro 512GB natural
524549995532913,【開封open】iPhone 16 Pro 512GB white
524549995532869,【開封open】iPhone 16 Pro 512GB black
524549995533163,【開封open】iPhone 16 Pro 1TB desert
524549995533217,【開封open】iPhone 16 Pro 1TB natural
524549995533118,【開封open】iPhone 16 Pro 1TB white
524549995533064,【開封open】iPhone 16 Pro 1TB black
514549995536447,【未開封】iPhone 16 Pro Max 256GB desert
514549995536454,【未開封】iPhone 16 Pro Max 256GB natural
514549995536430,【未開封】iPhone 16 Pro Max 256GB white
514549995536423,【未開封】iPhone 16 Pro Max 256GB black
514549995536485,【未開封】iPhone 16 Pro Max 512GB desert
514549995536492,【未開封】iPhone 16 Pro Max 512GB natural
514549995536478,【未開封】iPhone 16 Pro Max 512GB white
514549995536461,【未開封】iPhone 16 Pro Max 512GB black
514549995536522,【未開封】iPhone 16 Pro Max 1TB desert
514549995536539,【未開封】iPhone 16 Pro Max 1TB natural
514549995536515,【未開封】iPhone 16 Pro Max 1TB white
514549995536508,【未開封】iPhone 16 Pro Max 1TB black
524549995536447,【開封open】iPhone 16 Pro Max 256GB desert
524549995536454,【開封open】iPhone 16 Pro Max 256GB natural
524549995536430,【開封open】iPhone 16 Pro Max 256GB white
524549995536423,【開封open】iPhone 16 Pro Max 256GB black
524549995536485,【開封open】iPhone 16 Pro Max 512GB desert
524549995536492,【開封open】iPhone 16 Pro Max 512GB natural
524549995536478,【開封open】iPhone 16 Pro Max 512GB white
524549995536461,【開封open】iPhone 16 Pro Max 512GB black
524549995536522,【開封open】iPhone 16 Pro Max 1TB desert
524549995536539,【開封open】iPhone 16 Pro Max 1TB natural
524549995536515,【開封open】iPhone 16 Pro Max 1TB white
524549995536508,【開封open】iPhone 16 Pro Max 1TB black
514549995539073,【未開封】iPhone 16 128GB ultramarine
514549995539080,【未開封】iPhone 16 128GB teal
514549995539066,【未開封】iPhone 16 128GB pink
514549995539059,【未開封】iPhone 16 128GB white
514549995539042,【未開封】iPhone 16 128GB black
514549995539127,【未開封】iPhone 16 256GB ultramarine
514549995539134,【未開封】iPhone 16 256GB teal
514549995539110,【未開封】iPhone 16 256GB pink
514549995539103,【未開封】iPhone 16 256GB white
514549995539097,【未開封】iPhone 16 256GB black
514549995539172,【未開封】iPhone 16 512GB ultramarine
514549995539189,【未開封】iPhone 16 512GB teal
514549995539165,【未開封】iPhone 16 512GB pink
514549995539158,【未開封】iPhone 16 512GB white
514549995539141,【未開封】iPhone 16 512GB black
524549995539073,【開封open】iPhone 16 128GB ultramarine
524549995539080,【開封open】iPhone 16 128GB teal
524549995539066,【開封open】iPhone 16 128GB pink
524549995539059,【開封open】iPhone 16 128GB white
524549995539042,【開封open】iPhone 16 128GB black
524549995539127,【開封open】iPhone 16 256GB ultramarine
524549995539134,【開封open】iPhone 16 256GB teal
524549995539110,【開封open】iPhone 16 256GB pink
524549995539103,【開封open】iPhone 16 256GB white
524549995539097,【開封open】iPhone 16 256GB black
524549995539172,【開封open】iPhone 16 512GB ultramarine
524549995539189,【開封open】iPhone 16 512GB teal
524549995539165,【開封open】iPhone 16 512GB pink
524549995539158,【開封open】iPhone 16 512GB white
524549995539141,【開封open】iPhone 16 512GB black
514549995525519,【未開封】iPhone 16 Plus 128GB ultramarine
514549995525564,【未開封】iPhone 16 Plus 128GB teal
514549995525465,【未開封】iPhone 16 Plus 128GB pink
514549995525410,【未開封】iPhone 16 Plus 128GB white
514549995525366,【未開封】iPhone 16 Plus 128GB black
514549995525762,【未開封】iPhone 16 Plus 256GB ultramarine
514549995525816,【未開封】iPhone 16 Plus 256GB teal
514549995525717,【未開封】iPhone 16 Plus 256GB pink
514549995525663,【未開封】iPhone 16 Plus 256GB white
514549995525618,【未開封】iPhone 16 Plus 256GB black
524549995525519,【開封open】iPhone 16 Plus 128GB ultramarine
524549995525564,【開封open】iPhone 16 Plus 128GB teal
524549995525465,【開封open】iPhone 16 Plus 128GB pink
524549995525410,【開封open】iPhone 16 Plus 128GB white
524549995525366,【開封open】iPhone 16 Plus 128GB black
524549995525762,【開封open】iPhone 16 Plus 256GB ultramarine
524549995525816,【開封open】iPhone 16 Plus 256GB teal
524549995525717,【開封open】iPhone 16 Plus 256GB pink
524549995525663,【開封open】iPhone 16 Plus 256GB white
524549995525618,【開封open】iPhone 16 Plus 256GB black
524549995526011,【開封open】iPhone 16 Plus 512GB ultramarine
524549995526066,【開封open】iPhone 16 Plus 512GB teal
524549995525960,【開封open】iPhone 16 Plus 512GB pink
524549995525915,【開封open】iPhone 16 Plus 512GB white
524549995525861,【開封open】iPhone 16 Plus 512GB black
514549995558999,【未開封】iPhone 16e 128GB black
514549995559002,【未開封】iPhone 16e 128GB white
514549995559019,【未開封】iPhone 16e 256GB black
514549995559026,【未開封】iPhone 16e 256GB white
524549995558999,【開封open】iPhone 16e 128GB black
524549995559002,【開封open】iPhone 16e 128GB white
524549995559019,【開封open】iPhone 16e 256GB black
524549995559026,【開封open】iPhone 16e 256GB white
514549995429220,【未開封】iPhone 15 Pro 128GB natural
514549995429206,【未開封】iPhone 15 Pro 128GB black
514549995429213,【未開封】iPhone 15 Pro 128GB white
514549995429237,【未開封】iPhone 15 Pro 128GB blue
514549995429268,【未開封】iPhone 15 Pro 256GB natural
514549995429244,【未開封】iPhone 15 Pro 256GB black
514549995429251,【未開封】iPhone 15 Pro 256GB white
514549995429275,【未開封】iPhone 15 Pro 256GB blue
514549995429305,【未開封】iPhone 15 Pro 512GB natural
514549995429282,【未開封】iPhone 15 Pro 512GB black
514549995429299,【未開封】iPhone 15 Pro 512GB white
514549995429312,【未開封】iPhone 15 Pro 512GB blue
514549995429343,【未開封】iPhone 15 Pro 1TB natural
514549995429329,【未開封】iPhone 15 Pro 1TB black
514549995429336,【未開封】iPhone 15 Pro 1TB white
514549995429350,【未開封】iPhone 15 Pro 1TB blue
524549995429220,【開封open】iPhone 15 Pro 128GB natural
524549995429206,【開封open】iPhone 15 Pro 128GB black
524549995429213,【開封open】iPhone 15 Pro 128GB white
524549995429237,【開封open】iPhone 15 Pro 128GB blue
524549995429268,【開封open】iPhone 15 Pro 256GB natural
524549995429244,【開封open】iPhone 15 Pro 256GB black
524549995429251,【開封open】iPhone 15 Pro 256GB white
524549995429275,【開封open】iPhone 15 Pro 256GB blue
524549995429305,【開封open】iPhone 15 Pro 512GB natural
524549995429282,【開封open】iPhone 15 Pro 512GB black
524549995429299,【開封open】iPhone 15 Pro 512GB white
524549995429312,【開封open】iPhone 15 Pro 512GB blue
524549995429343,【開封open】iPhone 15 Pro 1TB natural
524549995429329,【開封open】iPhone 15 Pro 1TB black
524549995429336,【開封open】iPhone 15 Pro 1TB white
524549995429350,【開封open】iPhone 15 Pro 1TB blue
514549995433111,【未開封】iPhone 15 Pro Max 256GB natural
514549995433012,【未開封】iPhone 15 Pro Max 256GB black
514549995433067,【未開封】iPhone 15 Pro Max 256GB white
514549995433166,【未開封】iPhone 15 Pro Max 256GB blue
514549995433319,【未開封】iPhone 15 Pro Max 512GB natural
514549995433210,【未開封】iPhone 15 Pro Max 512GB black
514549995433265,【未開封】iPhone 15 Pro Max 512GB white
514549995433364,【未開封】iPhone 15 Pro Max 512GB blue
524549995433111,【開封open】iPhone 15 Pro Max 256GB natural
524549995433012,【開封open】iPhone 15 Pro Max 256GB black
524549995433067,【開封open】iPhone 15 Pro Max 256GB white
524549995433166,【開封open】iPhone 15 Pro Max 256GB blue
524549995433319,【開封open】iPhone 15 Pro Max 512GB natural
524549995433210,【開封open】iPhone 15 Pro Max 512GB black
524549995433265,【開封open】iPhone 15 Pro Max 512GB white
524549995433364,【開封open】iPhone 15 Pro Max 512GB blue
514549995430394,【未開封】iPhone 15 128GB black
514549995430417,【未開封】iPhone 15 128GB pink
514549995430431,【未開封】iPhone 15 128GB yellow
514549995430455,【未開封】iPhone 15 128GB blue
514549995430479,【未開封】iPhone 15 128GB green
514549995430493,【未開封】iPhone 15 256GB black
514549995430516,【未開封】iPhone 15 256GB pink
514549995430530,【未開封】iPhone 15 256GB yellow
514549995430554,【未開封】iPhone 15 256GB blue
514549995430578,【未開封】iPhone 15 256GB green
514549995430592,【未開封】iPhone 15 512GB black
514549995430615,【未開封】iPhone 15 512GB pink
514549995430639,【未開封】iPhone 15 512GB yellow
514549995430653,【未開封】iPhone 15 512GB blue
514549995430677,【未開封】iPhone 15 512GB green
524549995430394,【開封open】iPhone 15 128GB black
524549995430417,【開封open】iPhone 15 128GB pink
524549995430431,【開封open】iPhone 15 128GB yellow
524549995430455,【開封open】iPhone 15 128GB blue
524549995430479,【開封open】iPhone 15 128GB green
524549995430493,【開封open】iPhone 15 256GB black
524549995430516,【開封open】iPhone 15 256GB pink
524549995430530,【開封open】iPhone 15 256GB yellow
524549995430554,【開封open】iPhone 15 256GB blue
524549995430578,【開封open】iPhone 15 256GB green
524549995430592,【開封open】iPhone 15 512GB black
524549995430615,【開封open】iPhone 15 512GB pink
524549995430639,【開封open】iPhone 15 512GB yellow
524549995430653,【開封open】iPhone 15 512GB blue
524549995430677,【開封open】iPhone 15 512GB green
514549995431551,【未開封】iPhone 15 Plus 128GB black
514549995431605,【未開封】iPhone 15 Plus 128GB pink
514549995431650,【未開封】iPhone 15 Plus 128GB yellow
514549995431704,【未開封】iPhone 15 Plus 128GB blue
514549995431759,【未開封】iPhone 15 Plus 128GB green
514549995431803,【未開封】iPhone 15 Plus 256GB black
514549995431858,【未開封】iPhone 15 Plus 256GB pink
514549995431902,【未開封】iPhone 15 Plus 256GB yellow
514549995431957,【未開封】iPhone 15 Plus 256GB blue
514549995432008,【未開封】iPhone 15 Plus 256GB green
514549995432053,【未開封】iPhone 15 Plus 512GB black
514549995432107,【未開封】iPhone 15 Plus 512GB pink
514549995432206,【未開封】iPhone 15 Plus 512GB blue
514549995432251,【未開封】iPhone 15 Plus 512GB green
524549995431551,【開封open】iPhone 15 Plus 128GB black
524549995431605,【開封open】iPhone 15 Plus 128GB pink
524549995431650,【開封open】iPhone 15 Plus 128GB yellow
524549995431704,【開封open】iPhone 15 Plus 128GB blue
524549995431759,【開封open】iPhone 15 Plus 128GB green
524549995431803,【開封open】iPhone 15 Plus 256GB black
524549995431858,【開封open】iPhone 15 Plus 256GB pink
524549995431902,【開封open】iPhone 15 Plus 256GB yellow
524549995431957,【開封open】iPhone 15 Plus 256GB blue
524549995432008,【開封open】iPhone 15 Plus 256GB green
524549995432053,【開封open】iPhone 15 Plus 512GB black
524549995432107,【開封open】iPhone 15 Plus 512GB pink
524549995432152,【開封open】iPhone 15 Plus 512GB yellow
524549995432206,【開封open】iPhone 15 Plus 512GB blue
524549995432251,【開封open】iPhone 15 Plus 512GB green
514549995363098,【未開封】iPhone 14 Pro 128GB purple
514549995363067,【未開封】iPhone 14 Pro 128GB black
514549995363081,【未開封】iPhone 14 Pro 128GB gold
514549995363074,【未開封】iPhone 14 Pro 128GB silver
514549995363135,【未開封】iPhone 14 Pro 256GB purple
514549995363104,【未開封】iPhone 14 Pro 256GB black
514549995363128,【未開封】iPhone 14 Pro 256GB gold
514549995363111,【未開封】iPhone 14 Pro 256GB silver
514549995363173,【未開封】iPhone 14 Pro 512GB purple
514549995363142,【未開封】iPhone 14 Pro 512GB black
514549995363166,【未開封】iPhone 14 Pro 512GB gold
514549995363159,【未開封】iPhone 14 Pro 512GB silver
514549995363210,【未開封】iPhone 14 Pro 1TB purple
514549995363180,【未開封】iPhone 14 Pro 1TB black
514549995363203,【未開封】iPhone 14 Pro 1TB gold
514549995363197,【未開封】iPhone 14 Pro 1TB silver
514549995360769,【未開封】iPhone 14 Pro Max 128GB purple
514549995360615,【未開封】iPhone 14 Pro Max 128GB black
514549995360714,【未開封】iPhone 14 Pro Max 128GB gold
514549995360660,【未開封】iPhone 14 Pro Max 128GB silver
514549995360967,【未開封】iPhone 14 Pro Max 256GB purple
514549995360813,【未開封】iPhone 14 Pro Max 256GB black
514549995360912,【未開封】iPhone 14 Pro Max 256GB gold
514549995360868,【未開封】iPhone 14 Pro Max 256GB silver
514549995361162,【未開封】iPhone 14 Pro Max 512GB purple
514549995361018,【未開封】iPhone 14 Pro Max 512GB black
514549995361117,【未開封】iPhone 14 Pro Max 512GB gold
514549995361063,【未開封】iPhone 14 Pro Max 512GB silver
514549995361360,【未開封】iPhone 14 Pro Max 1TB purple
514549995361216,【未開封】iPhone 14 Pro Max 1TB black
514549995361315,【未開封】iPhone 14 Pro Max 1TB gold
514549995361261,【未開封】iPhone 14 Pro Max 1TB silver
514549995362077,【未開封】iPhone 14 128GB black
514549995362084,【未開封】iPhone 14 128GB white
514549995362114,【未開封】iPhone 14 128GB blue
514549995362091,【未開封】iPhone 14 128GB purple
514549995362107,【未開封】iPhone 14 128GB red
514549995396096,【未開封】iPhone 14 128GB yellow
514549995362121,【未開封】iPhone 14 256GB black
514549995362138,【未開封】iPhone 14 256GB white
514549995362169,【未開封】iPhone 14 256GB blue
514549995362145,【未開封】iPhone 14 256GB purple
514549995362152,【未開封】iPhone 14 256GB red
514549995396140,【未開封】iPhone 14 256GB yellow
514549995362176,【未開封】iPhone 14 512GB black
514549995362183,【未開封】iPhone 14 512GB white
514549995362213,【未開封】iPhone 14 512GB blue
514549995362190,【未開封】iPhone 14 512GB purple
514549995362206,【未開封】iPhone 14 512GB red
514549995396195,【未開封】iPhone 14 512GB yellow
514549995359664,【未開封】iPhone 14 Plus 128GB black
514549995359718,【未開封】iPhone 14 Plus 128GB white
514549995359862,【未開封】iPhone 14 Plus 128GB blue
514549995359763,【未開封】iPhone 14 Plus 128GB purple
514549995359817,【未開封】iPhone 14 Plus 128GB red
514549995359916,【未開封】iPhone 14 Plus 256GB black
514549995359961,【未開封】iPhone 14 Plus 256GB white
514549995360110,【未開封】iPhone 14 Plus 256GB blue
514549995360011,【未開封】iPhone 14 Plus 256GB purple
514549995360066,【未開封】iPhone 14 Plus 256GB red
514549995395846,【未開封】iPhone 14 Plus 256GB yellow
514549995360165,【未開封】iPhone 14 Plus 512GB black
514549995360219,【未開封】iPhone 14 Plus 512GB white
514549995360363,【未開封】iPhone 14 Plus 512GB blue
514549995360318,【未開封】iPhone 14 Plus 512GB red
514549995395891,【未開封】iPhone 14 Plus 512GB yellow
514549995319057,【未開封】iPhone SE 3 128GB white
514549995319040,【未開封】iPhone SE 3 128GB black
514549995319064,【未開封】iPhone SE 3 128GB red
514549995319026,【未開封】iPhone SE 3 64GB white
514549995319019,【未開封】iPhone SE 3 64GB black
514549995319033,【未開封】iPhone SE 3 64GB red
524549995319057,【開封open】iPhone SE 3 128GB white
524549995319040,【開封open】iPhone SE 3 128GB black
524549995319064,【開封open】iPhone SE 3 128GB red
524549995319026,【開封open】iPhone SE 3 64GB white
524549995319019,【開封open】iPhone SE 3 64GB black
524549995319033,【開封open】iPhone SE 3 64GB red
534549995648300,【ホムラプレミアム】iPhone 17 Pro 256GB orange
534549995648294,【ホムラプレミアム】iPhone 17 Pro 256GB silver
534549995648317,【ホムラプレミアム】iPhone 17 Pro 256GB blue
534549995648331,【ホムラプレミアム】iPhone 17 Pro 512GB orange
534549995648324,【ホムラプレミアム】iPhone 17 Pro 512GB silver
534549995648348,【ホムラプレミアム】iPhone 17 Pro 512GB blue
534549995648362,【ホムラプレミアム】iPhone 17 Pro 1TB orange
534549995648355,【ホムラプレミアム】iPhone 17 Pro 1TB silver
534549995648379,【ホムラプレミアム】iPhone 17 Pro 1TB blue
534549995649291,【ホムラプレミアム】iPhone 17 Pro Max 256GB orange
534549995649284,【ホムラプレミアム】iPhone 17 Pro Max 256GB silver
534549995649307,【ホムラプレミアム】iPhone 17 Pro Max 256GB blue
534549995649321,【ホムラプレミアム】iPhone 17 Pro Max 512GB orange
534549995649314,【ホムラプレミアム】iPhone 17 Pro Max 512GB silver
534549995649338,【ホムラプレミアム】iPhone 17 Pro Max 512GB blue
534549995649352,【ホムラプレミアム】iPhone 17 Pro Max 1TB orange
534549995649345,【ホムラプレミアム】iPhone 17 Pro Max 1TB silver
534549995649369,【ホムラプレミアム】iPhone 17 Pro Max 1TB blue
534549995649383,【ホムラプレミアム】iPhone 17 Pro Max 2TB orange
534549995649376,【ホムラプレミアム】iPhone 17 Pro Max 2TB silver
534549995649390,【ホムラプレミアム】iPhone 17 Pro Max 2TB blue
4902370553024,【スイッチ2】Nintendo Switch 2 日本国内専用版
4902370553031,Nintendo Switch 2 日本国内専用版 マリオカート ワールド セット
4902370553505,Nintendo Switch 2 日本国内専用版 Pokemon LEGENDS Z-A Nintendo Switch 2 Edition セット
4902370552683,Nintendo Switch 2 多言語版
4902370548495,Nintendo Switch 有機ELモデル ホワイト
4902370548501,Nintendo Switch 有機ELモデル ネオンブルーネオンレッド
4902370549706,Nintendo Switch 有機ELモデル スプラトゥーン3エディション
4902370550412,Nintendo Switch 有機ELモデル スカーレットバイオレット
4902370550481,Nintendo Switch 有機ELモデル ゼルダの伝説
4902370551495,Nintendo Switch 有機ELモデル マリオレッド
4902370550733,Nintendo Switch バッテリー強化版 新型ネオン 2022年版
4902370551198,Nintendo Switch バッテリー強化版 新型グレー 2022年版
4902370542943,Nintendo Switch Lite ターコイズ
4902370545302,Nintendo Switch Lite コーラル
4902370542936,Nintendo Switch Lite イエロー
4902370547672,Nintendo Switch Lite ブルー
4902370542929,Nintendo Switch Lite グレー
4521329368009,Pokemon GO Plus+
4902370552843,Nintendo Switch 2 Proコントローラー
4902370535730,Nintendo Switch Proコントローラー
4902370536034,Joy-Con (L)/(R) ネオンレッド/ネオンブルー
4902370544060,Joy-Con (L)/(R) ネオンブルー/ネオンイエロー
4902370537345,Joy-Con (L)/(R) ネオングリーン/ネオンピンク
4902370544077,Joy-Con (L)/(R) ネオンパープル/ネオンオレンジ
4902370551112,Joy-Con (L)/(R) パステルピンク/パステルイエロー
4902370551136,Joy-Con(L)/(R) パステルパープル/ パステルグリーン
4902370552027,Joy-Con (L)/(R) パステルピンク
4902370536003,Joy-Con (L)/(R) グレー
4902370536515,Joy-Con (L)/(R) ネオンイエロー
4948872417419,PlayStation5 デジタルエディション 日本語専用 CFI-2200B01
4948872416320,PlayStation5 Pro CFI-7000B01
4948872415934,PlayStation5 Slim CFI-2000A01
4948872415910,PlayStation5 デジタルエディション Slimモデル CFI-2000B01
4948872016940,PlayStation5 Slim ダブルパック ワイヤレスコントローラー CFIJ-10018
4948872016957,PlayStation5 Slim デジタルエディション ワイヤレスコントローラー ダブルパック CFIJ-10019
4948872017190,PlayStation5 Slim ”フォートナイト” Cobalt Starパック CFIJ-10027
4948872017206,PlayStation5 Slim デジタルエディション ”フォートナイト” Cobalt Starパック
4948872017169,PlayStation5 Slim “モンスターハンターワイルズ” 同梱版 CFIJ-10025
4948872017176,PlayStation5 Slim デジタルエディション “モンスターハンターワイルズ” 同梱版 CFIJ-10026
4948872850391,PlayStation5 Slimモデル“Ghost of Yotei“ ゴールド リミテッドエディション CFIJ-10029
4948872414647,PlayStation4 500GB CUH-2200AB01
4948872017084,PlayStation Portal リモートプレーヤー CFIJ-18000
4948872017251,PlayStation Portal リモートプレーヤー ミッドナイト ブラック CFIJ-18001
4948872016490,PlayStation VR2 CFIJ-17000
4948872416030,PS5 ディスクドライブ CFI-ZDD1J
4948872414975,PS5 ワイヤレスコントローラー CFI-ZCT1J ホワイト
4948872415163,PS5 ワイヤレスコントローラー CFI-ZCT1J01 ミッドナイト ブラック
4948872415187,PS5 ワイヤレスコントローラー CFI-ZCT1J02 コズミック レッド
4948872415293,PS5 ワイヤレスコントローラー CFI-ZCT1J03 ノヴァ ピンク
4948872415279,PS5 ワイヤレスコントローラー CFI-ZCT1J04 ギャラクティック パープル
4948872415286,PS5 ワイヤレスコントローラー CFI-ZCT1J05 スターライト ブルー
4948872415682,PS5 ワイヤレスコントローラー CFI-ZCT1J06 グレーカモフラージュ
4948872415668,PS5 ワイヤレスコントローラー CFI-ZCT1J07 ヴォルカニックレッド
4948872415644,PS5 ワイヤレスコントローラー CFI-ZCT1J08 スターリングシルバー
4948872416139,PS5 ワイヤレスコントローラー CFI-ZCT1J09 コバルトブルー
4948872416399,PS5 ワイヤレスコントローラー CFI-ZCT1J11 クロマ インディゴ
4948872416412,PS5 ワイヤレスコントローラー CFI-ZCT1J10 クロマ グリーン
4948872416375,PS5 ワイヤレスコントローラー CFI-ZCT1J12 クロマ パール
4948872415620,PS5 ワイヤレスコントローラー CFI-ZCT1JZ1 ゴッドオブウォー ラグナロク リミテッドエディション
4948872016704,PS5 ワイヤレスコントローラー CFIJ-15500 FINAL FANTASY XVI
4948872416016,PS5 ワイヤレスコントローラー Marvel’s Spider-Man 2 限定版
4948872416702,"PS5 ワイヤレスコントローラー フォートナイト"" リミテッドエディション"
4948872416467,PS5 ワイヤレスコントローラー 30周年アニバーサリー CFI-ZCT1J30
4948872416726,PS5 ワイヤレスコントローラー モンスターハンターワイルズ“ リミテッドエディション
4948872416788,PS5 ワイヤレスコントローラー “Ghost of Yotei“ ブラック リミテッドエディション CFI-ZCT1JZ8
4948872416801,PS5 ワイヤレスコントローラー “Ghost of Yotei“ ゴールド リミテッドエディション CFI-ZCT1JZ7
4948872416306,PS5 ワイヤレスコントローラー “アストロボット” リミテッドエディション
4948872417051,PS5 ワイヤレスコントローラー “アストロボット” ジョイフル リミテッドエディション
4948872415712,PS5 ワイヤレスコントローラー DualSense Edge CFI-ZCP1J
4948872416504,PS5 ワイヤレスコントローラー DualSense Edge 30周年アニバーサリー リミテッドエディション CFI-ZCP1J30
4948872415064,PS5 DualSense 充電スタンド CFI-ZDS1J
4549576261881,Xbox ワイヤレス コントローラー ストームブレイカースペシャルエディション EP2-29565
4549576161617,Xbox Series X
4549576247038,Xbox Series X 1TB デジタル モデル (ホワイト) EP2-00708
4549576167718,Xbox Series S 512GB
4549576215563,Xbox Series S 1TB
4549576246994,Xbox Series S 1TB EP2-00650
4549576167879,Xbox ワイヤレスコントローラー ブラック
4549576167848,Xbox ワイヤレスコントローラー ホワイト
4549576167862,Xbox ワイヤレスコントローラー ブルー
4549576173672,Xbox ワイヤレスコントローラー パルス レッド
4549576174273,Xbox ワイヤレスコントローラー エレクトリック ボルト
4549576183381,Xbox ワイヤレス コントローラー ディープ ピンク
4549576187129,Xbox ワイヤレス コントローラー ベロシティ グリーン
4549576186061,Xbox ワイヤレス コントローラー アストラル パープル
4549576168128,Xbox ワイヤレスコントローラー + USB-C ケーブル
4549576126906,Xbox Elite ワイヤレスコントローラー Series 2（ブラック）
4549576186054,Xbox Elite ワイヤレスコントローラー Series 2 Core Edition（ホワイト）
4549576206844,Xbox Elite ワイヤレスコントローラー Series 2 Core Edition（ブルー）
4549576206837,Xbox Elite ワイヤレスコントローラー Series 2 Core Edition（レッド）
815820024149,Meta Quest 3 128GB
815820024170,Meta Quest 3 512GB
815820025238,Meta Quest 3S 128GB
815820025290,Meta Quest 3S 256GB
4521329460420,【Switch2ソフト】ぽこ あ ポケモン
4976219137485,【Switch2ソフト】バイオハザードレクイエム
4902370553901,［Switch2ソフト］あつまれ どうぶつの森 Nintendo Switch 2 Edition
4902370553932,［Switch2ソフト］マリオテニス フィーバー
4535506303950,[Switch2ソフト] 牧場物語 Let's！風のグランドバザール
4902370553260,［Switch2ソフト］マリオカート ワールド
4902370553291,［Switch2ソフト］ゼルダの伝説 ブレス オブ ザ ワイルド
4902370553321,switch2 ソフト ゼルダの伝説 ティアーズ オブ ザ キングダム
4902370553413,［Switch2ソフト］ドンキーコング バナンザ
4902370553352,［Switch2ソフト］スーパー マリオパーティ ジャンボリー Nintendo Switch 2 Edition ＋ ジャンボリーTV
4902370553383,［Switch2ソフト］星のカービィ ディスカバリー Nintendo Switch 2 Edition ＋ スターリーワールド
4902370553642,［Switch2ソフト］カービィのエアライダー
4902370553574,［Switch2ソフト］Pokemon LEGENDS Z-A Nintendo Switch 2 Edition
4902370553550,［Switchソフト］Pokemon LEGENDS Z-A
4902370549263,［Switchソフト］Nintendo Switch Sports
4902370549454,［Switchソフト］星のカービィ ディスカバリー
4902370550870,［Switchソフト］星のカービィ Wii デラックス
4902370545319,［Switchソフト］あつまれ どうぶつの森
4988602173222,［Switchソフト］桃太郎電鉄 〜昭和 平成 令和も定番
4902370540734,［Switchソフト］大乱闘スマッシュブラザーズ SPECIAL
4549576094113,［Switchソフト］マインクラフト
4902370536058,［Switchソフト］ゼルダの伝説 ブレス オブ ザ ワイルド
4902370548839,［Switchソフト］ゼルダの伝説 ブレス オブ ザ ワイルド ＋ エキスパンションパス
4902370550979,［Switchソフト］ゼルダの伝説 ティアーズ オブ ザ キングダム
4902370550337,［Switchソフト］スプラトゥーン３
4902370550702,［Switchソフト］ポケットモンスター ”スカーレットバイオレット” ダブルパック
4902370550542,［Switchソフト］ポケットモンスター スカーレット
4902370550559,［Switchソフト］ポケットモンスター バイオレット
4902370536485,［Switchソフト］マリオカート8 デラックス
4902370551648,［Switchソフト］スーパーマリオRPG
4902370540437,［Switchソフト］スーパーマリオパーティ
4902370542868,［Switchソフト］スーパーマリオメーカー 2
4902370550887,［Switchソフト］マリオ+ラビッツ ギャラクシーバトル
4988602176490,［Switchソフト］桃太郎電鉄ワールド ～地球は希望でまわってる！～
814585022254,Steam Deck 有機EL 512GB
814585022308,Steam Deck 有機EL 1TB
114521329432274,「BOX」ムニキスゼロ
114521329431932,「BOX」メガドリームex
114521329431529,「BOX」インフェルノX
114521329431161,「BOX」メガブレイブ
114521329431185,「BOX」メガシンフォニア
114521329427768,「BOX」ブラックボルト
114521329427782,「BOX」ホワイトフレア
114521329427300,「BOX」ブラックボルトDX
114521329427324,「BOX」ホワイトフレアDX
114521329374659,「BOX」ロケット団の栄光
114521329374758,「BOX」熱風のアリーナ
114521329362649,「BOX」バトルパートナーズ
114521329362342,「BOX」テラスタルフェスex
114521329361505,「BOX」超電ブレイカー
114521329361352,「BOX」楽園ドラゴーナ
114521329361000,「BOX」ステラミラクル
114521329362496,「BOX」ナイトワンダラー
114521329362526,「BOX」変幻の仮面
114521329361239,「BOX」クリムゾンヘイズ
114521329394831,「BOX」ワイルドフォース
114521329394848,「BOX」サイバージャッジ
114521329394824,「BOX」シャイニートレジャーex
114521329394732,「BOX」古代の咆哮
114521329394756,「BOX」未来の一閃
114521329391397,「BOX」レイジングサーフ
114521329346014,「BOX」黒炎の支配者
114521329346038,「BOX」ポケモンカード151
114521329373362,「BOX」VSTARユニバース
114521329346182,「BOX」クレイバースト
114521329346229,「BOX」スノーハザード
114521329346274,「BOX」トリプレットビート
114521329373515,「BOX」スカーレットex
114521329373539,「BOX」バイオレットex
114521329373126,「BOX」パラダイムトリガー
114521329365480,「BOX」白熱のアルカナ
114521329365824,「BOX」ロストアビス
114521329364582,「BOX」ポケモンGO
114521329365862,「BOX」ダークファンタズマ
114521329364704,「BOX」タイムゲイザー
114521329364605,「BOX」スペースジャグラー
114521329323244,「BOX」バトルリージョン
114521329323077,「BOX」スターバース
114521329322698,「BOX」vmaxクライマックス
114521329322568,「BOX」25thアニバーサリー
114521329322629,「BOX」フュージョンアーツ
114521329306513,「BOX」イーブイヒーローズ
114521329322384,「BOX」蒼空ストリーム
114521329322391,「BOX」摩天パーフェクト
114521329305981,「BOX」シャイニースターV
114521329290133,「BOX」仰天のボルテッカー
114521329306452,「BOX」漆黒のガイスト
114521329306438,「BOX」白銀のランス
114521329306360,「BOX」双璧のファイター
114521329306162,「BOX」連撃マスター
114521329306148,「BOX」一撃マスター
114521329290119,「BOX」伝説の鼓動
114521329266749,「BOX」ソードV
114521329266763,「BOX」シールドV
114521329266558,「BOX」タッグオールスターズ
114521329266329,「BOX」オルタージェネシス
114521329266183,「BOX」ドリームリーグ
114521329266107,「BOX」リミックスバウト
114521329246970,「BOX」ミラクルツイン
114521329246956,「BOX」スカイレジェンド
114521329246703,「BOX」ジージーエンド
114521329246468,「BOX」ダブルブレイズ
114521329246109,「BOX」フルメタルウォール
114521329246086,「BOX」ナイトユニゾン
114521329246048,「BOX」タッグボルト
114521329226972,「BOX」GXウルトラシャイニー
114521329226774,「BOX」ダークオーダー
114521329226545,「BOX」超爆インパクト
114521329226507,「BOX」フェアリーライズ
114521329226521,「BOX」迅雷スパーク
114521329226156,「BOX」禁断の光
114521329284040,「BOX」ムゲンゾーン
114521329284026,「BOX」爆炎ウォーカー
114521329283999,「BOX」反逆クラッシュ
114521329283913,「BOX」vmaxライジング
114521329226316,「BOX」チャンピオンロード
114521329226224,「BOX」ドラゴンストーム
114521329191867,「BOX」ウルトラフォース
114521329191799,「BOX」ウルトラムーン
124521329432274,【シュリンク無しBOX】ムニキスゼロ
124521329431932,【シュリンク無しBOX】メガドリームex
124521329431529,【シュリンク無しBOX】インフェルノX
124521329431161,【シュリンク無しBOX】メガブレイブ
124521329431185,【シュリンク無しBOX】メガシンフォニア
124521329427768,【シュリンク無しBOX】ブラックボルト
124521329427782,【シュリンク無しBOX】ホワイトフレア
124521329427300,【シュリンク無しBOX】ブラックボルトDX
124521329427324,【シュリンク無しBOX】ホワイトフレアDX
124521329374659,【シュリンク無しBOX】ロケット団の栄光
124521329374758,【シュリンク無しBOX】熱風のアリーナ
124521329362649,【シュリンク無しBOX】バトルパートナーズ
124521329362342,【シュリンク無しBOX】テラスタルフェスex
124521329361505,【シュリンク無しBOX】超電ブレイカー
124521329361352,【シュリンク無しBOX】楽園ドラゴーナ
124521329361000,【シュリンク無しBOX】ステラミラクル
124521329362496,【シュリンク無しBOX】ナイトワンダラー
124521329362526,【シュリンク無しBOX】変幻の仮面
124521329361239,【シュリンク無しBOX】クリムゾンヘイズ
124521329394831,【シュリンク無しBOX】ワイルドフォース
124521329394848,【シュリンク無しBOX】サイバージャッジ
124521329394824,【シュリンク無しBOX】シャイニートレジャーex
124521329394732,【シュリンク無しBOX】古代の咆哮
124521329394756,【シュリンク無しBOX】未来の一閃
124521329391397,【シュリンク無しBOX】レイジングサーフ
124521329346014,【シュリンク無しBOX】黒炎の支配者
124521329346038,【シュリンク無しBOX】ポケモンカード151
124521329373362,【シュリンク無しBOX】VSTARユニバース
124521329346182,【シュリンク無しBOX】クレイバースト
124521329346229,【シュリンク無しBOX】スノーハザード
124521329346274,【シュリンク無しBOX】トリプレットビート
124521329373515,【シュリンク無しBOX】スカーレットex
124521329373539,【シュリンク無しBOX】バイオレットex
124521329373126,【シュリンク無しBOX】パラダイムトリガー
124521329365480,【シュリンク無しBOX】白熱のアルカナ
124521329365824,【シュリンク無しBOX】ロストアビス
224521329427270,【カートン】MEGA スタートデッキ100 バトルコレクション
214521329427270,【白箱】MEGA スタートデッキ100 バトルコレクション
4521329427270,MEGA スタートデッキ100 バトルコレクション
4521329427287,ブラックボルト・ホワイトフレア カードファイルセット
4521329374628,ロケット団の栄光 アタッシュケースセット
4521329394800,スペシャルデッキセットex フシギバナ・リザードン・カメックス
4521329377216,ポケモンカード Classic
4521329377315,ワールドチャンピオンシップス2023横浜
4521329345895,クレイバースト＆スノーハザード ジムセット
4521329322605,25th ANNIVERSARY GOLDEN BOX
4521329377353,YU NAGABA イーブイズ プロモパック
4521329322407,イーブイズセット
4521329373423,プレシャスコレクターボックス
4521329322575,25th ANNIVERSARY COLLECTION スペシャルセット
4521329431277,スペシャルBOX トウホク
4521329431536,スペシャルBOX フクオカ
4521329427669,スペシャルBOX ヒロシマ
4521329431703,メガブレイブポケセンセット
4521329431710,メガシンフォニアポケセンセット
4521329374635,MEGA プレミアムトレーナーBOX
994521329431925,【カートン】メガドリームex
114582769966002,「BOX」OP-15 神の島の冒険
114582769937620,「BOX」EB-04 EGGHEAD CRISIS
114582769865206,「BOX」PRB-02 ONE PIECE CARD THE BEST vol.2
114570118259509,「BOX」PRB-01 ONE PIECE CARD THE BEST
114582769865220,「BOX」EB-03 Heroines Edition
114582769733727,「BOX」EB-02 Anime 25th collection
114570118085047,「BOX」EB-01 メモリアルコレクション
114582769922978,「BOX」OP-14 蒼海の七傑
114582769865213,「BOX」OP-13 受け継がれる意志
114582769796838,「BOX」OP-12 師弟の絆
114582769774683,「BOX」OP-11 神速の拳
114582769707384,「BOX」OP-10 王族の血統
114570118259493,「BOX」OP-09 新たなる皇帝
114570118227720,「BOX」OP-08 二つの伝説
114570118145765,「BOX」OP-07 500年後の未来
114570118001962,「BOX」OP-06 双璧の覇者
114570118002174,「BOX」OP-05 新時代の主役
114549660954958,「BOX」OP-04 謀略の王国
114549660863373,「BOX」OP-03 強大な敵
114549660862963,「BOX」OP-02 頂上決戦
114549660853503,「BOX」OP-01 ロマンスドーン
224582769965999,【カートン】OP-15 神の島の冒険
224582769937613,【カートン】EB-04 EGGHEAD CRISIS
224582769922961,【カートン】OP-14 蒼海の七傑
224582769864858,【カートン】PRB-02ONE PIECE CARD THE BEST vol.2
224570118259424,【カートン】PRB-01 ONE PIECE CARD THE BEST
224582769864872,【カートン】EB-03 Heroines Edition
224582769721816,【カートン】EB-02 Anime 25th collection
224570118084910,【カートン】EB-01 メモリアルコレクション
224582769864865,【カートン】OP-13 受け継がれる意志
224582769796821,【カートン】OP-12 師弟の絆
224582769734311,【カートン】OP-11 神速の拳
224582769707100,【カートン】OP-10 王族の血統
224570118259370,【カートン】OP-09 新たなる皇帝
224570118213686,【カートン】OP-08 二つの伝説
224570118145529,【カートン】OP-07 500年後の未来
224570118001900,【カートン】OP-06 双璧の覇者
224570118002167,【カートン】OP-05 新時代の主役
224549660954941,【カートン】OP-04 謀略の王国
224549660863182,【カートン】OP-03 強大な敵
224549660860488,【カートン】OP-02 頂上決戦
224549660853268,【カートン】OP-01 ロマンスドーン
4900000000001,遊戯王 LIMIT OVER COLLECTION- THE HEROES【特典パック】
4988602179507,「BOX」LIMIT OVER COLLECTION
4988602179415,「BOX」BLAZING DOMINION
4988602179453,「BOX」PREMIUM PACK 2026（プレミアム パック 2026）
4988602179316,「BOX」LIMITED PACK - STAMP EDITION -BOX（スタンプエディションBOX）
4988602179118,「BOX」THE CHRONICLES DECK 白の物語（ザ・クロニクルズ・デッキ・白の物語）
4988602176711,「BOX」QUARTER CENTURY DUELIST BOX（クォーター センチュリー デュエリスト ボックス）
4988602175752,「BOX」PREMIUM PACK 2023（プレミアム・パック2023）
4988602176995,「BOX」PREMIUM PACK 2024（プレミアム・パック2024）
4988602177244,「BOX」オーバーラッシュパック2
4988602177633,「BOX」クロスオーバー・ブレイカーズ
4988602171501,「BOX」20th ANNIVERSARY LEGEND COLLECTION（レジェンドコレクション）
4988602177138,「BOX」QUARTER CENTURY CHRONICLE side:PRIDE（サイドプライド）
4988602177121,「BOX」QUARTER CENTURY CHRONICLE side:UNITY（サイドユニティ）
4988602172027,「BOX」IGNITION ASSAULT（イグニッション・アサルト）
4988602175172,「BOX」DARKWING BLAST（ダークウィング・ブラスト）
4988602174878,「BOX」POWER OF THE ELEMENTS（パワー・オブ・ジ・エレメンツ)
4988602178111,「BOX」ALLIANCE INSIGHT(アライアンス・インサイト)
4988602177756,「BOX」SUPREME DARKNESS(スプリーム・ダークネス)
4988602177565,「BOX」RAGE OF THE ABYSS(レイジ・オブ・ジ・アビス)
4988602177251,「BOX」INFINITE FORBIDDEN（インフィニット・フォビドゥン ）
4988602176223,「BOX」AGE OF OVERLORD(エイジ オブ オーバーロード)
4988602178333,「BOX」DUELIST ADVANCE(デュエリスト・アドバンス)
4988602179125,「BOX」BURST PROTOCOL (バースト・プロトコル)
4988602177749,「BOX」QUARTER CENTURY LIMITED PACK（クォーター・センチュリー・リミテッド・パック）
4988602178166,「BOX」QUARTER CENTURY ART COLLECTION(クォーターセンチュリー アート コレクション)
224988602179514,【カートン】LIMIT OVER COLLECTION
4549292176315,EOS Kiss M2 ダブルズームキット ブラック
4549292176346,EOS Kiss M2 ダブルズームキット ホワイト
4549292205336,EOS R 50 ダブルズームキット ホワイト
4549292205053,EOS R 50 ダブルズームキット ブラック
4549292189803,EOS R10 RF-S18-150 IS STM レンズキット
4549292200508,EOS R6 Mark II ボディ
4549292185430,EOS R7 ボディ
4549292204834,EOS R8 ボディ
4549292171433,EOS RP RF24-105 IS STM レンズキット
4549292119008,PowerShot SX740 HS ブラック
4549292119060,PowerShot SX740 HS シルバー
314549292119008,【印有】PowerShot SX740 HS ブラック
314549292119060,【印有】PowerShot SX740 HS シルバー
4549292137743,PowerShot G7 X Mark III BL ブラック
4549292137804,PowerShot G7 X Mark III SL シルバー
314549292137743,【印有】PowerShot G7 X Mark III BL ブラック
314549292137804,【印有】PowerShot G7 X Mark III SL シルバー
4549292057522,IXY 650 ブラック
4549292057584,IXY 650 シルバー
4549292056389,PowerShot G7 X Mark II
4957792163740,PowerShot V10 トライポッドグリップキット
4549292212532,PowerShot V10 シルバー
4549292212556,PowerShot V10 ブラック
4549292181623,RF50mm F1.8 STM
4549292156263,RF70-200mm F2.8 L IS USM
4549292186765,RF100-400mm F5.6-8 IS USM
4549292168037,RF100-500mm F4.5-7.1 L IS USM
4549292115703,EF-EOSR
4549292115710,CR-EF-EOSR
4547410423419,X100V シルバー
4547410423433,X100V ブラック
4547410528282,X100VI シルバー
4547410529494,X100VI ブラック
4547410554281,X100VI シルバー 2025
4547410554267,X100VI ブラック 2025
4547410556575,X-HF1 ブラック
4547410556582,X-HF1 シルバー
4547410556599,X-HF1 チャコールシルバー
4547410486421,X-T5 ボディ ブラック
4547410486438,X-T5 ボディ シルバー
4547410486742,X-T5 XF18-55mmレンズキット ブラック
4547410486759,X-T5 XF18-55mmレンズキット シルバー
4547410485950,X-S20 ボディ
4547410485981,X-S20 XC15-45mm レンズキット
4547410440379,X-S10 ダブルズームレンズキット
4547410470987,X-T30 II ボディ シルバー
4545350053864,OM SYSTEM OM-1 ボディ
4545350053871,OM SYSTEM OM-1 12-40mm F2.8 PRO II キット
4545350056056,OM SYSTEM OM-1 Mark II ボディ
4960759909947,Z 8 ボディ
4960759913784,Z f ボディ
4960759913708,Z f 40mm f/2(SE)レンズキット
4960759910639,Z 30 ダブルズームキット
4960759903624,Z 50 ダブルズームキット
4960759916921,Z50II ダブルズームキット
4960759902443,COOLPIX P950
4960759906274,NIKKOR Z 24-120mm f/4 S
4960759911087,NIKKOR Z 70-180mm f/2.8
4960759911049,NIKKOR Z 180-600mm f/5.6-6.3 VR
4545350052676,Tough TG-6 ブラック
4545350052690,Tough TG-6 レッド
4545350055974,Tough TG-7 ブラック
4545350055981,Tough TG-7 レッド
4549980688854,Panasonic ヘアーカッター プログレード ER-SC61-K
4549980888247,LUMIX DC-TZ99-K ブラック
4549980888254,LUMIX DC-TZ99-W ホワイト
4549980514221,HC-VX992MS アーバンレッド
4549980514214,HC-VX992MS カカオブラウン
4549980514207,HC-VX992MS ピュアホワイト
4549980674727,HC-V495M-K
4549212311994,GR IV Monochrome
4549212300202,GR III
4549212303739,GR IIIx
4549212306181,GR III HDF 特別モデル
4549212306297,GR IIIx HDF 特別モデル
4549212311291,GR IV
4549212304378,WG-80 ブラック
4549212304415,WG-80 オレンジ
4549212306396,WG-90 ブラック
4549212306488,WG-90 ブルー
85126585754,18-50mm F2.8 DC DN [フジフイルム用]
85126578657,24-70mm F2.8 DG DN [ソニーEマウント用]
85126941413,24-70mm F2.8 DG DN II [ソニーE用]
85126592653,28-70mm F2.8 DG DN [ソニーE用]
85126351755,56mm F1.4 DC DN [フジフイルム用]
85126322656,85mm F1.4 DG DN [ソニーE用]
4548736173774,α7 V ILCE-7M5 ボディ
4548736128521,VLOGCAM ZV-E10L パワーズームレンズキット ブラック
4548736128552,VLOGCAM ZV-E10L パワーズームレンズキット ホワイト
4548736128637,VLOGCAM ZV-E10Y ダブルズームレンズキット ブラック
4548736128644,VLOGCAM ZV-E10Y ダブルズームレンズキット ホワイト
4548736161061,VLOGCAM ZV-E10M2K パワーズームレンズキット ブラック
4548736161078,VLOGCAM ZV-E10M2K パワーズームレンズキット ホワイト
4548736160866,VLOGCAM ZV-E10M2X ダブルズームレンズキット ブラック
4548736160828,VLOGCAM ZV-E10M2X ダブルズームレンズキット ホワイト
4548736092204,α6400 ILCE-6400M 高倍率ズームレンズキット
4548736100497,α6400 ILCE-6400Y ダブルズームレンズキット ブラック
4548736100503,α6400 ILCE-6400Y ダブルズームレンズキット シルバー
4548736133730,α7 IV ILCE-7M4 ボディ
4548736133761,α7 IV ILCE-7M4K ズームレンズキット
4548736145573,α7R V ILCE-7RM5 ボディ
4548736146563,α6700 ILCE-6700 ボディ
4548736146723,α6700 ILCE-6700M ズームレンズキット
4548736121614,α7C ILCE-7C ボディ ブラック
4548736121621,α7C ILCE-7C ボディ シルバー
4548736154292,α7C II ILCE-7CM2 ボディ ブラック
4548736154353,α7C II ILCE-7CM2 ボディ シルバー
4548736154612,α7C II ILCE-7CM2L ズーム レンズキット ブラック
4548736154674,α7C II ILCE-7CM2L ズーム レンズキット シルバー
4548736153936,α7CR ILCE-7CR ボディ ブラック
4546821923761,VLOGCAM ZV-1M2G シューティンググリップキット ブラック
4546821923778,VLOGCAM ZV-1M2G シューティンググリップキット ホワイト
4548736155718,VLOGCAM ZV-1M2 ブラック
4548736155725,VLOGCAM ZV-1M2 ホワイト
4548736147041,VLOGCAM ZV-1F ブラック
4548736147058,VLOGCAM ZV-1F ホワイト
4548736123205,ILME-FX3
4548736143173,ILME-FX30B
4548736055612,HDR-CX680 ホワイト
4548736055605,HDR-CX680 ブラウン
4548736055599,HDR-CX680 レッド
4548736141308,FDR-AX45A ブラック
4548736141315,FDR-AX45A ブロンズブラウン
4548736079403,FDR-AX60
4548736060425,HDR-CX470 ブラック
4548736060432,HDR-CX470 ホワイト
4548736134805,FE 20-70mm F4 G SEL2070G
4548736141438,FE 24-50mm F2.8 G SEL2450G
4548736134133,FE 24-70mm F2.8 GM II SEL2470GM2
4548736134119,FE 70-200mm F2.8 GM OSS II SEL70200GM2
4548736141735,FE 70-200mm F4 Macro G OSS II SEL70200G2
4548736038615,【カメラ】SONY SEL20TC
4960371007014,25-200mm F/2.8-5.6 Di III VXD G2 (Model A075)
4960371006734,17-70mm F/2.8 Di III-A VC RXD (Model B070) ソニーE用
4960371006826,20-40mm F/2.8 Di III VXD (Model A062)
4960371006796,28-75mm F/2.8 Di III VXD G2 (Model A063)
4960371006703,28-200mm F/2.8-5.6 Di III RXD (Model A071)
4960371006765,18-300mm F/3.5-6.3 Di III-A VC VXD (Model B061) [ソニーE用]
4960371006789,35-150mm F/2-2.8 Di III VXD (Model A058)[Sony Eマウント]
4960371006819,50-400mm F/4.5-6.3 Di III VC VXD (Model A067)[ソニーEマウント]
4547410536355,instax mini link 3 セージグリーン スマートフォン用チェキプリンター
4547410536270,instax mini Link 3 クレイホワイト スマートフォン用チェキプリンター
4547410536317,instax mini Link 3 ローズピンク スマートフォン用チェキプリンター
4547410560763,instax mini 10枚入 ソフトグリッター
4547410377231,FUJIFILM チェキ用フィルム 20枚入 INSTAX MINI
4547410377224,FUJIFILM チェキ用フィルム 10枚入 INSTAX MINI
4547410341317,instax mini 10枚入 スカイブルー
4547410341300,instax mini 10枚入 ブラック
4547410374094,instax mini 10枚入 ピンクレモネード
4547410250145,instax mini 10枚入 キキ&ララ
4547410464320,instax mini 10枚入 コンタクトシート
4547410426663,instax mini 10枚入 マーメイドテイル
4547410341416,instax mini 10枚入 ハローキティ
4547410260496,instax mini 10枚入 シャイニースター
4547410520002,instax mini 10枚入 ソフトラベンダー
4547410484014,instax mini 10枚入 スプレーアート
4547410259209,instax mini 10枚入 くまのプーさん
4547410241587,instax mini 10枚入 キャンディポップ
4547410346329,instax mini 10枚入 マカロン
4547410497588,instax mini 10枚入 ハートスケッチ
4547410455229,instax mini 10枚入 ミッキーアンドフレンズ
4547410432015,instax mini 10枚入 ブルーマーブル
4547410225754,instax mini 10枚入 レインボー
4547410466812,instax mini 10枚入 ストーングレー
4547410400830,instax mini 10枚入 コンフェッティ
4547410337556,instax mini 10枚入 モノクローム
4547410541700,︎ instax mini 10枚入 sprinkles
4547410534115,instax mini OSAKA EXPO
4547410533484,instax mini 10枚入 PHOTO SLIDE
4547410370003,instax SQUARE 10枚入 × 2パック
4547410348613,instax SQUARE 10枚入
4547410432022,instax SQUARE 10枚入 ホワイトマーブル
4547410499438,instax SQUARE 10枚入 サンセット
4547410440911,instax SQUARE 10枚入 モノクローム
4547410414561,instax SQUARE 10枚入 スターイルミネーション
4547410440904,instax SQUARE 10枚入 レインボー
4547410370010,instax SQUARE 10枚入 ブラック
4547410173765,instax WIDE 10枚入
4547410173772,instax WIDE 10枚入 × 2パック
4547410173789,instax WIDE 10枚入 × 5パック
4547410549652,instax WIDE 10枚入 BRUSHED METALLICS
4547410460117,instax WIDE 10枚入 ブラック
4547410369137,【旧パッケージ】写ルンです シンプルエース 27枚撮り
4547410550955,【新パッケージ】写ルンです シンプルエース 27枚撮り
4547410489149,instax mini 12 チェキ ホワイト
4547410489118,instax mini 12 チェキ ブルー
4547410489156,instax mini 12 チェキ パープル
4547410489132,instax mini 12 チェキ グリーン
4547410489125,instax mini 12 チェキ ピンク
4547410449341,instax mini 40 チェキ
4547410545173,instax mini 41 チェキ
4547410269307,instax mini 90 チェキ ブラウン
4547410260649,instax mini 90 チェキ ブラック
4547410529845,instax mini 99 チェキ
4547410520125,instax mini Evo チェキ USB Type-C対応 ブラウン
4547410520088,instax mini Evo チェキ USB Type-C対応 ブラック
4547410555844,instax mini Evo チェキ USB Type-C対応 ピンク
4547410564334,instax mini Evo ジェントルローズ
4547410546194,instax mini Evo チェキ FUJIFILM 90th Anniversary Special Kit [DARK SILVER]
4547410546187,instax mini Evo チェキ FUJIFILM 90th Anniversary Special Kit [TITANIUM GOLD]
4547410441536,instax SQUARE SQ1 ホワイト
4547410441512,instax SQUARE SQ1 オレンジ
4547410441529,instax SQUARE SQ1 ブルー
4547410511178,instax SQUARE SQ40 チェキスクエア ブラック
4547410543360,instax WIDE Evo チェキ
4547410529975,instax WIDE 400 チェキ
4547410291704,instax WIDE 300 チェキ
840414637467,Fire TV Stick HD Amazon ※アカウント登録済みは買取不可
840268979751,Fire TV Stick HD対応スタンダードモデル ※アカウント登録済みは買取不可
840268991890,Fire TV Stick Alexa対応音声認識リモコン 第3世代 ※アカウント登録済みは買取不可
840268955144,Fire TV Stick Alexa対応音声認識リモコン 第3世代 ※アカウント登録済みは買取不可
840268997410,Echo Pop - コンパクトスマートスピーカー ティールグリーン
840268966508,Echo Pop - コンパクトスマートスピーカー ラベンダー
840268981389,Echo Pop - コンパクトスマートスピーカー チャコール
840268982034,Echo Pop - コンパクトスマートスピーカー グレーシャーホワイト
840080512204,Echo Dot (エコードット) 第5世代 - グレーシャーホワイト
840080592077,Echo Dot (エコードット) 第5世代 -チャコール
840080586786,Echo Dot (エコードット) 第5世代 -ディープシーブルー
4549576249797,Microsoft マイクロソフト OfficeHome&Business 2024 カード版
4981254068564,BUFFALO バッファロー 無線LANルーター WNR-5400XE6P ホワイト
4943765062233,ロジクール ワイヤレスキーボード MX KEYS S KX800sGR [グラファイト]
4993871120815,McAfee PCソフト リブセーフ 3年版 MLS33JNRURDAM
4943765058380,Logicool ワイヤレスマウス MX2300GR
4589796419624,NEC LAVIE Tab T11 PC-T1175JAS ルナグレー
4573525920420,NEC LAVIE Tab T8 T0855/KAS PC-T0855KAS ルナグレー
4981254070505,BUFFALO バッファロー Wi-Fiルーター WXR18000BE10P
4549576250618,Microsoft Office Home 2024 POSAカード
4549995560077,iPad 128GB 2025年(11世代) Wi-Fi 11インチ MD3Y4J/A シルバー
4549995560084,iPad 128GB 2025年(11世代) Wi-Fi 11インチ MD4A4J/A ブルー
4549995560091,iPad 128GB 2025年(11世代) Wi-Fi 11インチ MD4D4J/A イエロー
4549995560107,iPad 128GB 2025年(11世代) Wi-Fi 11インチ MD4E4J/A ピンク
4549995560114,iPad 256GB 2025年(11世代) Wi-Fi 11インチ MD4G4J/A シルバー
4549995560121,iPad 256GB 2025年(11世代) Wi-Fi 11インチ MD4H4J/A ブルー
4549995560138,iPad 256GB 2025年(11世代) Wi-Fi 11インチ MD4J4J/A イエロー
4549995560145,iPad 256GB 2025年(11世代) Wi-Fi 11インチ MD4P4J/A ピンク
4549995560152,iPad 512GB 2025年(11世代) Wi-Fi 11インチ MD4Q4J/A シルバー
4549995560169,iPad 512GB 2025年(11世代) Wi-Fi 11インチ MD4Y4J/A ブルー
4549995560176,iPad 512GB 2025年(11世代) Wi-Fi 11インチ MD5A4J/A イエロー
4549995560183,iPad 512GB 2025年(11世代) Wi-Fi 11インチ MD5C4J/A ピンク
4549995555233,iPad Air 128GB 2025年(M3) Wi-Fi 11インチ MC9W4J/A スペースグレイ
4549995555240,iPad Air 128GB 2025年(M3) Wi-Fi 11インチ MC9X4J/A ブルー
4549995555257,iPad Air 128GB 2025年(M3) Wi-Fi 11インチ MC9Y4J/A スターライト
4549995555264,iPad Air 128GB 2025年(M3) Wi-Fi 11インチ MCA04J/A パープル
4549995555271,iPad Air 256GB 2025年(M3) Wi-Fi 11インチ MCA14J/A スペースグレイ
4549995555288,iPad Air 256GB 2025年(M3) Wi-Fi 11インチ MCA14J/A ブルー
4549995555295,iPad Air 256GB 2025年(M3) Wi-Fi 11インチ MCA34J/A スターライト
4549995555301,iPad Air 256GB 2025年(M3) Wi-Fi 11インチ MCA44J/A パープル
4549995555318,iPad Air 512GB 2025年(M3) Wi-Fi 11インチ MCA74J/A スペースグレイ
4549995555325,iPad Air 512GB 2025年(M3) Wi-Fi 11インチ MCA94J/A ブルー
4549995555332,iPad Air 512GB 2025年(M3) Wi-Fi 11インチ MCAA4J/A スターライト
4549995555349,iPad Air 512GB 2025年(M3) Wi-Fi 11インチ MCAE4J/A パープル
4549995555356,iPad Air 1TB 2025年(M3) Wi-Fi 11インチ MCAH4J/A スペースグレイ
4549995555363,iPad Air 1TB 2025年(M3) Wi-Fi 11インチ MCAJ4J/A ブルー
4549995555370,iPad Air 1TB 2025年(M3) Wi-Fi 11インチ MCAQ4J/A スターライト
4549995555387,iPad Air 1TB 2025年(M3) Wi-Fi 11インチ MCAU4J/A パープル
4549995556315,iPad Air 128GB 2025年(M3) Wi-Fi 13インチ MCNH4J/A スペースグレイ
4549995556322,iPad Air 128GB 2025年(M3) Wi-Fi 13インチ MCNJ4J/A ブルー
4549995556339,iPad Air 128GB 2025年(M3) Wi-Fi 13インチ MCNK4J/A スターライト
4549995556346,iPad Air 128GB 2025年(M3) Wi-Fi 13インチ MCNL4J/A パープル
4549995556353,iPad Air 256GB 2025年(M3) Wi-Fi 13インチ MCNN4J/A スペースグレイ
4549995556360,iPad Air 256GB 2025年(M3) Wi-Fi 13インチ MCNP4J/A ブルー
4549995556377,iPad Air 256GB 2025年(M3) Wi-Fi 13インチ MCNQ4J/A スターライト
4549995556384,iPad Air 256GB 2025年(M3) Wi-Fi 13インチ MCNR4J/A パープル
4549995556391,iPad Air 512GB 2025年(M3) Wi-Fi 13インチ MCNT4J/A スペースグレイ
4549995556407,iPad Air 512GB 2025年(M3) Wi-Fi 13インチ MCNW4J/A ブルー
4549995556414,iPad Air 512GB 2025年(M3) Wi-Fi 13インチ MCNX4J/A スターライト
4549995556421,iPad Air 512GB 2025年(M3) Wi-Fi 13インチ MCNY4J/A パープル
4549995556438,iPad Air 1TB 2025年(M3) Wi-Fi 13インチ MCQ04J/A スペースグレイ
4549995556445,iPad Air 1TB 2025年(M3) Wi-Fi 13インチ MCQ14J/A ブルー
4549995556452,iPad Air 1TB 2025年(M3) Wi-Fi 13インチ MCQ24J/A スターライト
4549995556469,iPad Air 1TB 2025年(M3) Wi-Fi 13インチ MCQ34J/A]パープル
4549995449419,iPad Air 1TB 2024年(M2) Wi-Fi 11インチ MUWQ3J/A スペースグレイ
4549995449426,iPad Air 1TB 2024年(M2) Wi-Fi 11インチ MUWR3J/A ブルー
4549995449433,iPad Air 1TB 2024年(M2) Wi-Fi 11インチ MUWT3J/A スターライト
4549995449440,iPad Air 1TB 2024年(M2) Wi-Fi 11インチ MUWU3J/A パープル
4549995452976,iPad Air 128GB 2024年(M2) Wi-Fi 13インチ MV273J/A スペースグレイ
4549995452983,iPad Air 128GB 2024年(M2) Wi-Fi 13インチ MV283J/A ブルー
4549995452990,iPad Air 128GB 2024年(M2) Wi-Fi 13インチ MV293J/A スターライト
4549995453003,iPad Air 128GB 2024年(M2) Wi-Fi 13インチ MV2C3J/A パープル
4549995453010,iPad Air 256GB 2024年(M2) Wi-Fi 13インチ MV2D3J/A スペースグレイ
4549995453027,iPad Air 256GB 2024年(M2) Wi-Fi 13インチ MV2F3J/A ブルー
4549995453034,iPad Air 256GB 2024年(M2) Wi-Fi 13インチ MV2G3J/A スターライト
4549995453041,iPad Air 256GB 2024年(M2) Wi-Fi 13インチ MV2H3J/A パープル
4549995453058,iPad Air 512GB 2024年(M2) Wi-Fi 13インチ MV2J3J/A スペースグレイ
4549995453065,iPad Air 512GB 2024年(M2) Wi-Fi 13インチ MV2K3J/A ブルー
4549995453072,iPad Air 512GB 2024年(M2) Wi-Fi 13インチ MV2L3J/A スターライト
4549995453089,iPad Air 512GB 2024年(M2) Wi-Fi 13インチ MV2N3J/A パープル
4549995453096,iPad Air 1TB 2024年(M2) Wi-Fi 13インチ MV2P3J/A スペースグレイ
4549995453102,iPad Air 1TB 2024年(M2) Wi-Fi 13インチ MV2Q3J/A ブルー
4549995453119,iPad Air 1TB 2024年(M2) Wi-Fi 13インチ MV2R3J/A スターライト
4549995453126,iPad Air 1TB 2024年(M2) Wi-Fi 13インチ MV2T3J/A パープル
4549995526486,iPad mini 128GB 2024年(7世代) Wi-Fi 8.3インチ MXN63J/A スペースグレー
4549995526493,iPad mini 128GB 2024年(7世代) Wi-Fi 8.3インチ MXN73J/A ブルー
4549995526509,iPad mini 128GB 2024年(7世代) Wi-Fi 8.3インチ MXN83J/A スターライト
4549995526516,iPad mini 128GB 2024年(7世代) Wi-Fi 8.3インチ MXN93J/A パープル
4549995526523,iPad mini 256GB 2024年(7世代) Wi-Fi 8.3インチ MXNA3J/A スペースグレー
4549995526530,iPad mini 256GB 2024年(7世代) Wi-Fi 8.3インチ MXNC3J/A ブルー
4549995526547,iPad mini 256GB 2024年(7世代) Wi-Fi 8.3インチ MXND3J/A スターライト
4549995526554,iPad mini 256GB 2024年(7世代) Wi-Fi 8.3インチ MXNE3J/A パープル
4549995616613,iPad Pro 256GB 2025年(M5) Wi-Fi 11インチ MDWL4J/A シルバー
4549995616606,iPad Pro 256GB 2025年(M5) Wi-Fi 11インチ MDWK4J/A スペースブラック
7622100547525,IQOS イルマ i ワン ミネラモデル
7622100547020,IQOS イルマ i ワン アニバーサリーモデル
7622100834649,IQOS イルマ i ワン ミッドナイトブラック
7622100834724,IQOS イルマ i ワン デジタルバイオレット
7622100834687,IQOS イルマ i ワン ビビッドテラコッタ
7622100834663,IQOS イルマ i ワン ブリーズブルー
7622100547488,IQOS イルマ i ミネラモデル
7622100834625,IQOS イルマ i デジタルバイオレット
7622100834588,IQOS イルマ i ビビッドテラコッタ
7622100834526,IQOS イルマ i ミッドナイトブラック
7622100834564,IQOS イルマ i ブリーズブルー
7622100547952,IQOS イルマ i プライム セレッティモデル
7622100834540,IQOS イルマ i プライム ガーネットレッド限定モデル
7622100834380,IQOS イルマ i プライム ミッドナイトブラック
7622100834465,IQOS イルマ i プライム ブリーズブルー
7622100833321,IQOS イルマ ワン WE 2023 限定モデル
7622100832065,IQOS イルマ ワン ネオンモデル
7622100833765,IQOS イルマ ワン ブライト
7622100831631,IQOS イルマ ワン オアシス
7622100830146,IQOS イルマ ワン モスグリーン
7622100830290,IQOS イルマ ワン アズールブルー
7622100830238,IQOS イルマ ワン ぺブルベージュ
7622100830313,IQOS イルマ ワン サンセットレッド
7622100830276,IQOS イルマ ワン ぺブルグレー
7622100833345,IQOS ILUMA WE 2023 限定モデル
7622100833741,IQOS ILUMA ブライト
7622100831709,IQOS ILUMA キット オアシス
7622100829195,IQOS ILUMA キット ぺブルグレー
7622100829232,IQOS ILUMA キット アズールブルー
7622100829171,IQOS ILUMA キット ぺブルベージュ
7622100829218,IQOS ILUMA キット モスグリーン
7622100829256,IQOS ILUMA キット サンセットレッド
7622100833727,IQOS ILUMA PRIME ブライト
7622100831594,IQOS ILUMA PRIME キット オアシス
7622100829119,IQOS ILUMA PRIME キット オブシディアンブラック
7622100829096,IQOS ILUMA PRIME キット ゴールドカーキ
7622100829157,IQOS ILUMA PRIME キット ブロンズトープ
7622100829133,IQOS ILUMA PRIME キット ジェイドグリーン
810037290134,Chromecast with Google TV HD バージョン
193575007465,Google Chromecast with Google TV ホワイト GA01919-JP
193575007489,Google Chromecast with Google TV sky
193575007472,Google Chromecast with Google TV sunrise
4548736140813,NW-A307 (B) 64GB ブラック
4548736141155,NW-A307 (L) 64GB ブルー
4548736141162,NW-A307 (H) 64GB グレー
4548736129535,NW-WM1AM2 [128GB]
4548736140837,NW-ZX707 64GB ブラック
4548736140752,NW-A306 (B) 32GB ブラック
4548736141063,NW-A306 (H) 32GB グレー
4548736171817,SONY WF-1000XM6 シルバー
4548736171763,SONY WF-1000XM6 ブラック
4548736175181,SONY LinkBuds Clip WF-LC900 VZ ラベンダー
4548736173996,SONY LinkBuds Clip WF-LC900 GZ グリーン
4548736173941,SONY LinkBuds Clip WF-LC900 CZ グレージュ
4548736173675,SONY LinkBuds Clip WF-LC900 BZ ブラック
4571604941236,SHOKZ ワイヤレスイヤホン SKZ-EP-000054 ブラック
4549995635232,AirPods Pro 第3世代 MFHP4J/A
4549980797280,Technics AZ100 7280
4549980797297,Technics EAH-AZ100-S シルバー
4549980975312,Technics EAH-AZ100-N シャンパンゴールド
4549995519921,AirPods 4 MXP93J/A
4549995519860,AirPods 4 MXP63J/A
4549980651889,Technics EAH-AZ80-K ブラック
4549980651896,Technics EAH-AZ80-S シルバー
4969929259561,QuietComfort Ultra Headphones [サンドストーン]
4969929259554,QuietComfort Ultra Headphones [ホワイトスモーク]
4969929260314,QuietComfort Ultra Headphones [ダイヤモンド]
4548736119024,SONY WH-1000XM4 サイレントホワイト
4548736121188,SONY WF-1000XM4-SM ※キャンペーン応募品不可
4548736121133,SONY WF-1000XM4-BM ※キャンペーン応募品不可
4549995552089,AirPods Max (USB-C) MWW43ZA/A ミッドナイト
4549995552096,AirPods Max (USB-C) MWW53ZA/A スターライト
4549995552102,AirPods Max (USB-C) MWW63ZA/A ブルー
4968929222247,JBL TOUR PRO 3 [ラテ]
4968929222230,JBL TOUR PRO 3 [ブラック]
4968929215959,JBL Bluetooth スピーカー PULSE5 ブラック
4968929056880,JBL Bluetooth スピーカー PULSE4 ブラック
4968929217212,JBL TOUR PRO 2 [ブラック]
4968929217434,JBL TOUR PRO 2 [シャンパンゴールド]
4968929221295,JBL TOUR PRO 2 [聴色]
4968929221622,JBL GO 4 [ウィンブルドングリーン]
4968929221639,JBL GO 4 [スウォッシュピンク]
4968929220755,JBL GO 4 [ブラック]
4968929221646,JBL GO 4 [ファンキーブラック]
4968929220793,JBL GO 4 [パープル]
4968929221394,CLIP 5 [ウィンブルドングリーン]
4968929221387,CLIP 5 [ファンキーブラック]
4968929221363,CLIP 5 [スクアッド]
4968929221356,CLIP 5 [ホワイト]
4968929221325,CLIP 5 [ブルー]
4968929221318,CLIP 5 [ブラック]
4968929221349,CLIP 5 [パープル]
4968929214242,FLIP 6 [ホワイト]
4968929214259,FLIP 6 [ピンク]
4968929214280,FLIP 6 [スクワッド]
4968929214211,FLIP 6 [ブルー]
4968929214204,FLIP 6 [ブラック]
4968929214228,FLIP 6 [レッド]
4968929210978,CHARGE 5 [グレー]
4968929210954,CHARGE 5 [ブルー]
4968929210947,CHARGE 5 [ブラック]
4968929210961,CHARGE 5 [レッド]
4968929211012,CHARGE 5 [スクワッド]
4968929078028,JBL GO 3 [スクワッド]
4968929077939,JBL GO 3 [ブルー]
4968929077984,JBL GO 3 [ピンク]
4968929078738,JBL GO 3 [オレンジ]
4968929078011,JBL GO 3 [ホワイト]
4968929077946,JBL GO 3 [レッド]
4968929077922,JBL GO 3 [ブラック]
4968929220762,JBL GO 4 [レッド]
4968929220786,JBL GO 4 [ホワイト]
4968929220779,JBL GO 4 [ブルー]
4968929220809,JBL GO 4 [スクアッド]
4969929258229,QuietComfort 45 headphones [ミッドナイトブルー]
4969929258236,QuietComfort 45 headphones [エクリプスグレー]
4969929257147,QuietComfort 45 headphones [ホワイトスモーク]
4969929257130,QuietComfort 45 headphones [ブラック]
4969929258663,QuietComfort Earbuds II ミッドナイトブルー
4969929258670,QuietComfort Earbuds II エクリプスグレー
4969929258397,QuietComfort Earbuds II ソープストーン
4969929258168,QuietComfort Earbuds IIトリプルブラック
4969929259257,BOSE Ultra Open Earbuds [ホワイト]
4969929259240,BOSE Ultra Open Earbuds [ブラック]
4969929260338,Ultra Open Earbuds [ダイヤモンド]
4969929259547,QuietComfort Ultra Headphones [ブラック]
4969929259165,QuietComfort Ultra Earbuds [ブラック]
4969929259530,QuietComfort Ultra Earbuds [ムーンストーンブルー]
4969929259172,QuietComfort Ultra Earbuds [ホワイトスモーク]
4969929255419,Sport Earbuds [トリプルブラック]
4969929255426,Bose Sport Earbuds バルティックブルー
4969929255433,Bose Sport Earbuds グレースホワイト
4969929260260,QuietComfort Headphones [ブルーダスク]
4969929260253,QuietComfort Headphones [Chilled Lilac]
4969929257239,SoundLink Flex Bluetooth speaker [ストーンブルー]
4969929257246,SoundLink Flex Bluetooth speaker [ホワイトスモーク]
4969929258083,SoundLink Flex Bluetooth speaker [カーマインレッド]
4969929257222,SoundLink Flex Bluetooth speaker [ブラック]
4969929259707,SoundLink Flex Bluetooth speaker [サイプレスグリーン]
4969929252340,SoundLink Mini II Special Edition [トリプルブラック]
4969929252357,SoundLink Mini II Special Edition [ラックスシルバー]
4969929259868,Bose SoundLink Flex Bluetooth speaker [チルドライラック]
4969929259653,SoundLink Max Portable Speaker [ブラック]
4969929259660,SoundLink Max Portable Speaker [ブルーダスク]
4549980698624,EAH-AZ60M2-S [シルバー]
4549980698617,EAH-AZ60M2-K [ブラック]
4975514062485,KH-KZ1G
4961310161255,ATH-TWX7 WH [リッチホワイト]
4961310161248,ATH-TWX7 GY [ストーングレイ]
4961310161231,ATH-TWX7 BK [アッシュブラック]
4260752331029,MOMENTUM True Wireless 3 [Graphite]
4260752330800,MOMENTUM True Wireless 3 [WHITE]
4975769478451,JVC Victor SP-WS02BT
4548736156838,LinkBuds S × Olivia Rodrigo WF-LS900N (V) [バイオレット]
4548736141766,Linkbuds イヤホン・ヘッドホン SONY WF-L900UC グレー
4548736158290,BRAVIA Theatre U HT-AN7
4548736153813,INZONE Buds WF-G700N [ブラック]
4548736153769,INZONE Buds WF-G700N [ホワイト]
4548736156425,WH-ULT900N (B) [ブラック]
4548736158320,WH-ULT900N (W) [オフホワイト]
4548736158375,WH-ULT900N (H) [フォレストグレー]
4548736142954,WH-CH720N (W) [ホワイト]
4548736143005,WH-CH720N (L) [ブルー]
4548736142411,WH-CH720N (B) [ブラック]
4546821923860,WH-CH720N/D100 Disney 創立100周年記念モデル [ブラック]
4548736142909,WH-CH520 (C) [ベージュ]
4548736142367,WH-CH520 (B) [ブラック]
4548736142800,WH-CH520 (W) [ホワイト]
4548736142855,WH-CH520 (L) [ブルー]
4546821923853,WF-C700N/D100 Disney 創立100周年記念モデル [ホワイト]
4548736145764,WF-C700N WFC700NV ラベンダー
4548736145719,WF-C700N WFC700NG セージグリーン
4548736145665,WF-C700N WFC700NW ホワイト
4548736143586,WF-C700N WFC700NB ブラック
4548736161771,WF-C510 (Y) [イエロー]
4548736161726,WF-C510 (L) [ブルー]
4548736161474,WF-C510 (W) [ホワイト]
4548736161429,WF-C510 (B) [ブラック]
4548736129696,SRS-NS7
4548736110595,SRS-XB23 (C) [ベージュ]
4548736110618,SRS-XB23 (L) [ブルー]
4548736110625,SRS-XB23 (R) [レッド]
4548736110601,SRS-XB23 (G) [グリーン]
4548736157309,ULT FIELD 7 SRS-ULT70 [ブラック]
4548736157071,ULT FIELD 1 SRS-ULT10 (DC) [オレンジ]
4548736157064,ULT FIELD 1 SRS-ULT10 (HC) [フォレストグレー]
4548736157057,ULT FIELD 1 SRS-ULT10 (WC) [オフホワイト]
4548736157040,ULT FIELD 1 SRS-ULT10 (BC) [ブラック]
4549980762950,Panasonic パナソニック ストラーダ CN-F1D9C1D
4549980762974,Panasonic パナソニック ストラーダ CN-CE01D
4958043428878,DA7Z
4958043428885,DAF11Z
4958043017652,DAF11Z-HI-200-PM
4988028449130,カロッツェリア FH-6500DVD
4988028444548,カロッツェリア DMH-SF700
4988028434709,カロッツェリア MVH-5600
4988028434716,カロッツェリア MVH-6600
4988028405907,カロッツェリア MVH-7500SC
4988028444555,カロッツェリア DMH-SZ700カーオーディオ
4988028416354,カロッツェリア FH-8500DVS
4988028499319,カロッツェリア DMH-SF500
4988028514760,DMH-SZ500
4975514063154,DPX-U760BT
4975514061853,DDX5020S
4975514066032,DDX5020SR
4958043080410,RSH10XS-L-B [ブラック] 車載モニタ
4958043274307,RXH12X2-L-B 車載モニタ
4958043017256,RXH12Z-LBS-B
4958043274284,RSH10XS-L-S [シルバー]
4958043123452,PXH12X-R-B [ブラック]
4958043274338,PKG-M910
4988028433566,TVM-PW930T
4988028505577,TVM-FW1050-B [ブラック]
4988028232145,TVM-W910-車載モニタ
4988028397233,TVM-FW1300-B [ブラック] 車載モニタ
4988028397219,TVM-FW1100-B [ブラック]
4988028513244,TVM-PW930TII
4988028513190,TVM-FW1100II-B [ブラック]
4988028513657,TVM-FW1300II-B [ブラック]
4988028513220,TVM-PW1000TII
4952040150657,ZDR065
4968543714470,marumie Y-3100
4952040150589,HDR701
4952040150558,ZDR055
4952040150572,ZDR048
4952040150503,ZDR041
4952040150237,ZDR035
4952040150398,ZDR017
4967576672566,IDR-C121 [黒]
4988028476365,VREC-DS800DC
4958043206278,DVR-DM1000B-IC
4958043198801,ドライブレコーダー DVR-DM1200A-IC
4549980621271,ドライブレコーダー CA-DR03HTD
4952040150206,ZDR037
4952040150381,HDR002
4952040150152,ZDR016 ドラレコ
4952040150602,ZDR018
4952040150282,HDR204G
4952040150428,HDR801
4952040150459,HDR362GW
4975514064595,DRV-EM4800
4975514065165,DRV-MR480
4975514061143,DRV-MR450ドラレコ
4975514064878,彩速ナビ MDV-S810L
4975514064892,彩速ナビ MDV-S810F
4975514063161,彩速ナビ MDV-S809F
4975514064885,彩速ナビ MDV-S710W
4975514064854,彩速ナビ MDV-S710
4975514062119,ココデス EZ-750
4975514062164,彩速ナビ MDV-M808HD
4975514063277,彩速ナビ MDV-L309
4975514063550,彩速ナビ MDV-M809HD
4975514063260,彩速ナビ MDV-L309W
4975514062188,彩速ナビ 大画面9V型 MDV-M908HDF
4975514063543,彩速ナビ MDV-M809HDW
4975514062171,彩速ナビ MDV-M908HDL
4975514063192,彩速ナビ MDV-S709
4975514063529,彩速ナビ MDV-M909HDF
4975514064540,彩速ナビ MDV-L310W
4975514064557,彩速ナビ MDV-L310
4975514063185,彩速ナビ MDV-S709W
4975514063178,彩速ナビ MDV-S809L
4975514065578,彩速ナビ MDV-S711HD
4975514065554,彩速ナビ MDV-S811HDL
4549980465509,GORILLA CN-G1500VD
4549980657188,ストラーダ F1X PREMIUM10 CN-F1X10BGD
4549980657232,ストラーダ CN-HE02D
4549980657249,ストラーダ CN-HE02WD
4549980657218,ストラーダ CN-HA02D
4549980657225,ストラーダ CN-HA02WD
4549980489536,ストラーダ CN-HE01D
4549980489505,ストラーダ CN-F1D9HD
4549980489482,ストラーダ F1X PREMIUM10 CN-F1X10BHD
4549980465516,GORILLA CN-G750D
4549980657201,ストラーダ CN-F1D9GD
4549980489543,ストラーダ CN-HE01WD EHシリーズ
4549980463048,ストラーダ CN-E330D
4958043198986,フローティングビッグX 11 XF11NX2S
4958043882144,フローティングビッグX 11 XF11NX2
4958043012954,ビッグX EX10NX2-DM-30-AM
4988028495540,楽ナビ AVIC-RW812-D
4988028500954,楽ナビ AVIC-RW720
4988028500886,楽ナビ AVIC-RL720
4988028500862,楽ナビ AVIC-RF720
4988028500916,楽ナビ AVIC-RQ720
4988028501043,楽ナビ AVIC-RF920-DC
4988028495649,楽ナビ AVIC-RZ712
4988028500985,楽ナビ AVIC-RZ120
4988028495656,楽ナビ AVIC-RZ812-D
4988028490699,サイバーナビ AVIC-CQ912-DC
4988028500923,楽ナビ AVIC-RQ920-DC
4988028504938,サイバーナビ AVIC-CL912II-DC
4988028495632,楽ナビ AVIC-RZ512
4988028522185,楽ナビ AVIC-RZ821-D
4988028517730,サイバーナビ AVIC-CQ912III
4988028522024,楽ナビ AVIC-RL521
4988028523069,楽ナビ AVIC-RF721-DC
4988028522116,楽ナビ AVIC-RW721
4988028522178,楽ナビ AVIC-RZ721
4988028522031,楽ナビ AVIC-RL721
4988028522000,楽ナビ AVIC-RF721
4988028522062,楽ナビ AVIC-RQ721
4987176284006,BRAUN シリーズ9 Sport+ 9310s [ブラック]
4549980997970,Panasonic メンズシェーバー ラムダッシュ ES-LVFX-K ブラック
4549980711989,ES-PV6A-K [マーブルブラック]
4549980711972,ES-PV6A-W [マーブルホワイト]
4549980712856,ラムダッシュPRO ES-LV7J-S
4549980712863,ラムダッシュPRO ES-LV5W-K
4549980711996,ラムダッシュ パームイン ES-PV3A-K マーブルブラック
4549980712825,ラムダッシュPRO ES-LS9Q-K
4549980712801,ラムダッシュPRO ES-LS9Q-K
4210201443278,ブラウン シリーズ9 Pro 9415s-V
4549980712849,ES-LV7W-K
4549980490488,メンズシェーバー ラムダッシュ ES-CLS5A-K
4549980619469,メンズシェーバー ラムダッシュ ES-CST2S-K
4549980703472,ラムダッシュ ES-LVG8-K [黒]
4549980737460,ラムダッシュ ES-LT2C-K [黒]
4549980737477,ラムダッシュ ES-LT2B-W [白]
4549980852439,ラムダッシュPRO ES-L550U-S [シルバー]
4549980852415,ラムダッシュPRO ES-L570W-S [シルバー]
4549980712870,ラムダッシュPRO ES-LV5J-S [シルバー]
4906274014063,メンズシェーバー 6枚刃 IZF-V991-N
4906274014087,Z-DRIVE IZF-V931
4906274014933,veredge IZF-E863W-K [ブラックニッケル]
4210201443438,メンズシェーバー シリーズ9 Pro 洗浄器付き 9467CC-V
4210201423003,XT5200
4210201405733,電気シェーバー50-B7000CC-V
4987176171641,ブラウン シリーズ5 51-W1200s-V [ホワイト]
8720689003452,9000シリーズ S9697/31
8720689012317,5000Xシリーズ X5012/05 [オレンジ/アドリアブルー]
8720689004671,5000Xシリーズ X5006/05 [アクアブルー/ブラック]
5025155079683,dyson ヘアドライヤー HD08 ULF BBN ENT ブラック 9683
4580785295175,Brighte Aiロボティクス シャワードライヤー BRT-SD173
4549980652961,ナノケア EH-NA0J-A [ディープネイビー]
4549980652954,ナノケア EH-NA0J-W [ウォームホワイト]
4549980747773,ナノケア EH-NA0J [ミストグレー]
4549980857779,ナノケア EH-NA7M-H [モイストグレー]
4549980857786,ナノケア EH-NA7M-P [モイストピンク]
4549980548004,ストレートアイロン ナノケア EH-HS0J-K [黒]
4549980487198,ナノケア EH-NA0G-A [ディープネイビー]
4549980652947,ナノケア EH-NA0J-P [ラベンダーピンク]
4549980857809,ナノケア EH-NA9M-E [ノーブルベージュ]
4549980857793,ナノケア EH-NA9M-H [ノーブルグレー]
4549980487204,Panasonic (パナソニック) ナノケア EH-NA0G-P [モイストピンク]
4549980767931,ナノケア アルティメイト EH-NC50-K [クラフトブラック]
4549980767948,ナノケア アルティメイト EH-NC80-T [オーセンティックブラウン]
4988338220757,イオンカールプロSR SR-32 32mm C73310
4540790397936,スムースアイロンフォトイオン YJHB0L [ネイビー]
4540790333736,スムースアイロンフォトイオン YJHB0N
4549980548035,ストレートアイロン ナノケア ブラック EH-HS9J
4549980699188,コンパクトストレートアイロン EH-HV2A-W [白]
4549980699171,コンパクトストレートアイロン EH-HV2A-K [黒]
4549980548011,ストレートアイロン ナノケア EH-HS0J-W [白]
4549980548028,ストレートアイロン ナノケア EH-HS9J-K [黒]
4549980763667,ストレートアイロン ナノケア EH-HN50-A [ディープネイビー]
4549980238783,ナノケア EH-NA9B-W ホワイト
4549980428689,ドライヤー・ヘアアイロン ストレートアイロン ナノケア EH-HS9E-K [黒]
4549980428665,ドライヤー・ヘアアイロン ストレートアイロン ナノケア EH-HS0E-K [黒]
4549980268360,ドライヤー・ヘアアイロン くるくるドライヤー ナノケア EH-KN9B
4549980428696,ドライヤー・ヘアアイロン ストレートアイロン ナノケア EH-HS9E-W [白]
4549980428672,ドライヤー・ヘアアイロン ストレートアイロン ナノケア EH-HS0E-W [白]
4549980406649,ドライヤー・ヘアアイロン くるくるドライヤー イオニティ EH-KE1E-PN [ピンクゴールド調]
4549980406632,ドライヤー・ヘアアイロン くるくるドライヤー イオニティ EH-KE1E-P [ピンク調]
4975302188830,プロテクトイオンヘアードライヤー TID81J
4974019202860,IB-NP9-P
4549980652978,ナノケア EH-NA2J-PN [ピンクゴールド]
4549980652985,ナノケア EH-NA2J-W [ホワイト]
4549980490334,EH-KN0G-A
4549077757258,ヘアードライヤー EH-TNA9J
4549980238844,ドライヤー・ヘアアイロン ナノケア EH-CNA5B-PP [ペールピンク]
4549980238776,ナノケア EH-NA9B-PN ピンクゴールド
4549980238769,ナノケア EH-NA9B-VP ビビッドピンク
4549980238738,ナノケア EH-NA0B-PN ピンクゴールド
4549980238721,ナノケア EH-NA0B-RP ルージュピンク
4549980630556,ナノケア EH-CNA0E-A ネイビー
4549980630587,ナノケア EH-NA0E-A ネイビー
4549980487211,ナノケア EH-NA0G-W
4981747077929,KHD-W800/W [ホワイト]
4549980630563,ドライヤー・ヘアアイロン ナノケア EH-NA0E-P [コーラルピンク]
4549980630532,ドライヤー・ヘアアイロン ナノケア EH-CNA0E-P [コーラルピンク]
4549980630549,ドライヤー・ヘアアイロン ナノケア EH-CNA0E-H [グレージュ]
4981747077912,KHD-W800/A [ネイビー]
4975302122650,Speedom TID2400B-R [レッド]
4975302122667,Speedom TID2400B-W [ホワイト]
4975302122643,Speedom TID2400B-K [ブラック]
4550556108317,Beauty IB-WX901-B [ミッドナイトブラック]
4550556111607,Plasmacluster Beauty IB-WX901-W [ルミナスホワイト]
4550556143882,Plasmacluster Beauty IB-P802-B [ミッドナイトブラック]
4550556143899,Plasmacluster Beauty IB-P602-W [ルミナスホワイト]
4550556108348,Plasmacluster Beauty IB-P601-W [ルミナスホワイト]
4550556108331,プラズマクラスター IB-P801-W ホワイト
4550556108324,プラズマクラスター IB-P801-B ブラック
4550556133722,Plasmacluster Beauty IB-WX901-C [スプリンググレージュ]
4550556143875,Plasmacluster Beauty IB-P802-W [ルミナスホワイト]
4549980487273,ナノケア EH-NA9G-N [ゴールド]
4549980487266,ナノケア EH-NA9G-PN [ピンクゴールド]
4549980746417,EH-NE5L-P [コーラルピンク]
4549980746400,EH-NE5L-G [ミントグリーン]
4549980746394,EH-NE5L-H [ダークグレー]
4549980746448,EH-NE7L-P [コーラルピンク]
4549980746431,EH-NE7L-G [ミントグリーン]
4549980746424,EH-NE7L-H [ダークグレー]
4549980704615,EH-NE4J-PP [ペールピンク調]
4549980704622,イオニティ EH-NE4J-N [ゴールド調]
4549980735978,ナノケア EH-NA2K-W [ホワイト]
4549980735961,ナノケア EH-NA2K-PN [ピンクゴールド]
4550719034798,DIGA DMR-4TS204S
4549980684047,DIGA DMR-2W202
4549980684054,DIGA DMR-2W102
4549980712580,4Kディーガ DMR-4T303
4549980712573,4Kディーガ DMR-4T403
4549980506714,4Kディーガ DMR-4T402
4549980506738,4Kディーガ DMR-4T202
4549980506752,4Kディーガ DMR-4W102
4580652111683,REGZAブルーレイ DBR-W2010
4580652111751,4KREGZAブルーレイ DBR-4KZ200
4580652111409,REGZAタイムシフトマシン DBR-M3010
4549980712603,DIGA DMR-4T203
4549980660317,DIGA DMR-2X302
4549980660331,DIGA DMR-2X202
4549980712627,DMR-4TS203
4549980506707,4Kディーガ DMR-ZR1
4549980506745,4Kディーガ DMR-4W202
4549980487433,おうちクラウドディーガ DMR-2X301
4549980506721,4Kディーガ DMR-4T302
4549980487495,おうちクラウドディーガ DMR-2W51
4549980487457,おうちクラウドディーガ DMR-2W201
4549980684030,おうちクラウドディーガ DMR-4SE102
4580652111737,4KREGZAブルーレイ DBR-4KZ600
4580652111676,REGZAブルーレイ DBR-T1010 レコーダー
4580652111393,REGZAタイムシフトマシン DBR-M4010
4580652110266,REGZAブルーレイ DBR-UT309
4580652110280,REGZAブルーレイ DBR-UT109
4580652110938,REGZAタイムシフトマシンハードディスク D-M210
4580652111669,REGZAブルーレイ DBR-T2010
4580652112161,REGZA ブルーレイ DBR-T101
4974019184326,AQUOS 4Kレコーダー 4B-C10DW3
4974019214696,AQUOSブルーレイ 2B-C10EW1
4974019167480,AQUOSブルーレイ 2B-C10DW1
4974019184319,AQUOS 4Kレコーダー 4B-C20DW3
4974019214665,AQUOSブルーレイ 2B-C20ET1
4974019167503,AQUOSブルーレイ 2B-C05DW1
4974019214719,2B-C05EW1 レコーダー AQUOS
4974019214689,AQUOSブルーレイ 2B-C20EW1
4548736122185,BDZ-ZW1800
4548736155374,4K ブルーレイレコーダー BDZ-FBW2200
4573578954007,シネマライト DKS-LGT1
4571411198045,Nebula Nova D2160521 [ホワイト]
4571411193576,Nebula Capsule II D2421N12 [ブラック]
4571411193026,Nebula Capsule Pro [ブラック]
4571411188732,Nebula Capsule [ブラック]
4580546890427,Aladdin X2 Plus
4580546890366,popIn Aladdin 2 Plus
4988617500150,カラリオ EW-456A
4988617500167,カラリオ EW-056A
4988617498082,カラリオ EP-886AW [ホワイト]
4988617498099,カラリオ EP-886AR [レッド]
4988617498075,カラリオ EP-886AB [ブラック]
4549292218466,PIXUS XK120 [ホワイト]
4549292218435,PIXUS TS8730 [レッド]
4549292218404,PIXUS TS8730 [ホワイト]
4549292218367,PIXUS TS8730 [ブラック]
4549292204704,PIXUS TS8630 [レッド]
4549292204698,PIXUS TS8630 [ホワイト]
4549292204230,PIXUS TS8630 [ブラック]
4549292198225,PIXUS TS5430 [ホワイト]
4549292198195,PIXUS TS5430 [ブラック]
4549292198256,PIXUS TS5430 [ピンク]
4549292182484,PIXUS TS3530 [ホワイト]
4549292182477,PIXUS TS3530 [ブラック]
4977766830959,プリビオ DCP-J928N-W [ホワイト]
4977766830942,プリビオ DCP-J928N-B [ブラック]
4977766830928,プリビオ DCP-J528N
4549980089606,VS-HC105-W
4549077703712,VL-WD813K
4549980395387,KX-HDN215-K [ブラック]
4549980233351,KX-HC705-W [ホワイト]
4549980615317,RU・RU・RU VE-GD27DL
4549980205990,VL-SZ35KF
4549980486795,外でもドアホン VL-SWE710KS
4549980636787,どこでもドアホン VL-SWZ300KF
4549980636879,VS-SGZ20L
4549980694732,VL-SE30KLA
4549980048375,外でもドアホン VL-SWD505KF
4549980694671,どこでもドアホン VL-SWE210KLA
4549980694749,VL-SE30XLA
4940577975133,Kシリーズ TCF8GK35 SC1 [パステルアイボリー]
4940577937698,KSシリーズ TCF8GS34 NW1 [ホワイト]
4940577937650,KSシリーズ TCF8GS34 SC1 [パステルアイボリー]
4940577975461,Kシリーズ TCF8CK68 NW1 [ホワイト]
4940577975379,Kシリーズ TCF8CK68 SC1 [パステルアイボリー]
4940577937971,KSシリーズ TCF8CS67 SC1 [パステルアイボリー]
4940577938084,KSシリーズ TCF8CS67 NW1 [ホワイト]
4549980735824,ビューティ・トワレ DL-RSTK20-CP [パステルアイボリー]
4549980735855,ビューティ・トワレ DL-RSTK40-CP [パステルアイボリー]
4549980735879,ビューティ・トワレ DL-RSTK40-WS [ホワイト]
4549980735848,ビューティ・トワレ DL-RSTK20-WS [ホワイト]
4549980667293,ビューティ・トワレ CH951SPF [パステルアイボリー]
4549980667309,ビューティ・トワレ CH951SWS [ホワイト]
4580058721219,MYTREX REBIVE MINI XS MT-RMXS21P [パープル]
4580058721233,MYTREX REBIVE MINI XS MT-RMXS21BL [ブルー]
4580058721035,MYTREX REBIVE MINI XS MT-RMXS21B
4580058721226,MYTREX REBIVE MINI XS MT-RMXS21G [グリーン]
4580058721257,MYTREX REBIVE MINI XS MT-RMXS21W [ホワイト]
4580058721240,MYTREX REBIVE MINI XS MT-RMXS21R [レッド]
4580058721110,MYTREX REBIVE MT-RBV22G
4580058720588,MYTREX REBIVE MINI MT/BY-RBM20B
4975479414985,カラダスキャン HBF-702T
4975479419089,カラダスキャン KRD-608T2-BK [ブラック]
4975479419072,カラダスキャン KRD-608T2-W [ホワイト]
4975479414954,カラダスキャン HBF-228T
4904785047808,インナースキャンデュアル RD-915L [グレイッシュゴールド]
4904785047792,インナースキャンデュアル RD-915L [パールホワイト]
4904785047785,インナースキャンデュアル RD-915L [メタリックブラック]
4904785047853,インナースキャンデュアル RD-804L
4904785040366,BC-767 [メタリックブラック]
4904785040359,BC-767 [パールホワイト]
4904785041806,BC-768 [メタリックブラック]
4904785041790,BC-768 [パールホワイト]
4904785047778,体組成計 RD-916L [メタリックブルー]
4904785047822,体組成計 RD-917L-WH[ホワイト]
4904785817043,体組成計 RD-906-WH[ホワイト]
4904785817036,体組成計 RD-906-BK[ブラック]
4904785817050,体組成計 RD-906-RD[レッド]
4904785047679,体組成計 BC-332L-WH[ホワイト]
4904785047754,体組成計 RD-916L-BK[メタリックブルー]
4904785043039,体組成計 RD-910-WH[パールホワイト]
4904785043022,体組成計RD-910 [メタリックブラック]
4549980616383,コードレス レッグリフレ EW-CRA39-K [ブラック]
4549980616376,コードレス レッグリフレ EW-CRA39-P [ピンク]
4549980511824,EW-RA190-H [ダークグレー]
4549980511817,EW-RA190-P [ピンク]
4549980659175,ねるまえほっとリフレ EW-RA150
4550668018924,ゴリラのひとつき GRA-2401PU [パープル]
4550668018900,ゴリラのひとつき GRA-2401PK [ピンク]
4550668018917,ゴリラのひとつき GRA-2401GY [グレー]
4550557799941,ゴリラのひとつかみ GRF-2401PU [パープル]
4550557799934,ゴリラのひとつかみ GRF-2401PK [ピンク]
4550557799958,ゴリラのひとつかみ GRF-2401GY [グレー]
4951704134859,マッスルショットプレミアム FG3800P(MR) [メタリックレッド]
4580657304141,DOCTORAIR エクサガンハイパー REG-04 GD [ゴールド]
4948731024796,モノルルド リリースガン プラスアーム AX-HXL236pk [アッシュピンク]
4948731024208,モノルルド リリースガン プラスアーム AX-HXL236bk [ブラック]
4948731024215,モノルルド リリースガン プラスアーム AX-HXL236gr [グレー]
4948731026370,ルルドガン プラスアーム AX-HX336gd [ゴールド]
4948731026394,ルルドガン プラスアーム AX-HX336bb [ブルーブラック]
4948731026363,ルルドガン プラスアーム AX-HX336rd [レッド]
8720689009843,ソニッケアー ダイヤモンドクリーン 9000 HX9911/99 [ブラック]
8710103968597,ソニッケアー 9900 プレステージ HX9992/21 [シャンパン]
4210201442233,オーラルB iO5 IOG52J62KBK
4987176152800,オーラルB iO9 iOM92B22ACBK-W
4549980723937,音波振動ハブラシ ドルツ EW-DL39-W
4549980723906,音波振動ハブラシ ドルツ EW-DP37-W [白]
4549980723883,音波振動ハブラシ ドルツ EW-DP57-S [シルバー]
4210201328209,電動歯ブラシ オーラルB iO9 iOM92B22ACBK
8710103968634,フィリップス ソニッケアー 9900 プレステージ ミッドナイトブルー HX9992/22
4549980723869,ドルツ EW-DT63-S シルバー
4549980723876,パナソニック EW-DT63-N
4549980723821,パナソニック EW-DT73-A
4549980443361,音波振動ハブラシ ドルツ EW-DA44-H [グレー]
4549980443347,音波振動ハブラシ ドルツ EW-CDP34-P [ピンク]
4549980723890,音波振動ハブラシ ドルツ EW-DP57-P [ピンク]
4549980443279,音波振動ハブラシ ドルツ EW-CDP54-A [青]
4549980443286,音波振動ハブラシ ドルツ EW-CDP54-N [ゴールド調]
4549980443262,音波振動ハブラシ ドルツ EW-CDP54-S [シルバー]
4904530134388,東芝 掃除機 トルネオ コードレス VC-CLZ74DS K ジェットブラック
622356335010,掃除機 EVOPOWER SYSTEM BOOST+ LC701JBK ウォームブラック
622356335003,Shark シャーク 掃除機 EVOPOWER SYSTEM BOOST+ LC751JLV ライトラベンダー
3165140935715,高圧洗浄機 UA125
622356251426,EVOPOWER SYSTEM ADV CS601JPK [サンドピンク]
622356267045,EVOPOWER SYSTEM STD+ CS150JAE [ホワイト]
88381829878,掃除機 CL107FDSHW
88381869362,充電式クリーナー CL108FDSHW
88381765008,充電式クリーナーCL003GRDW スノーホワイト
88381765015,充電式クリーナー CL003GRDO オリーブ
4549873163482,かるパック CV-KP90K(N) [ライトゴールド]
4549873161389,スティッククリーナー PV-BL50K-N
4549873161402,ラクかるスティック PV-BL3K(N) [ライトゴールド]
4549873161426,かるパックスティック PKV-BK3K
4549980740361,Jコンセプト MC-JP860K
4549980682081,パワーコードレス MC-SB33J-W [ホワイト]
4549980682098,パワーコードレス MC-SB33J-G [セージグリーン]
5025155082621,V8 コードレススティッククリーナー SV25FFNI2
5025155082614,V8 Origin SV25 RD2
5025155082423,Dyson Micro Plus SV33 FF PL
5025155070857,Dyson Cyclone V10 Fluffy SV12 FF LF
5025155070901,Dyson V8 Slim Fluffy Extra SV10K EXT BU
5025155082461,V12 Detect Slim Absolute SV46 ABL
5025155082454,Dyson Digital Slim Fluffy SV18 FF H
4550556134224,SHARP 空気清浄機 FU-T40-H グレー系
4550556134217,SHARP 空気清浄機 FU-T40-W ホワイト系
4550719027448,Panasonic 空気清浄機 F-PX60C-W [ホワイト]
4550719027424,Panasonic 空気清浄機 F-PX70C-W [ホワイト]
4974305231000,象印 加湿器 STAN. EE-FA50-BA [ブラック]
4974305231017,象印 加湿器 STAN. EE-FA50-WA [ホワイト]
4974019176055,SHARP (シャープ) プラズマクラスター IG-NX15-W ホワイト 車載用2021年
4974019176062,SHARP (シャープ) プラズマクラスター IG-NX15-B ブラック車載用2021年
4974019146881,SHARP (シャープ) プラズマクラスター IG-MX15-B ブラック車載用2020年
4974019146874,SHARP (シャープ) プラズマクラスターIG-MX15-W ホワイト 車載用 2020年
4549980538005,Panasonic (パナソニック) F-C100U-K [ブラック]
4975514063369,KENWOOD (ケンウッド) Coconair CAX-PH100 光触媒除菌消臭機
4573535311928,MCK504A-W [ホワイト]
4573535311898,MC554A-W [ホワイト]
4573535231998,ACK70Z-T [ブラウン]
4573535231967,ACK70Z-W [ホワイト]
5025155041970,Pure Hot + Cool HP00ISN
5025155055991,Purifier Hot + Cool Formaldehyde HP09WG [ホワイト/ゴールド]
5025155083178,Purifier Hot + Cool Gen1 HP10 WW [ホワイト/ホワイト]
6921489901791,Airdog X5D [ホワイト]
4550556101363,KI-RD50-W [ホワイト系]
4974019179858,KI-RX70-T [ブラウン系]
4974019179537,KI-RX70-W [ホワイト系]
4974019243337,KC-40TH7-W
4974019179933,KI-RS40-W
4549980751862,F-PXW60-W [ホワイト]
6921489901975,空気清浄機 X5D [ホワイト]
4580785294994,ブラシ型美顔器 エレキブラシプラス ELEKI BRUSH＋ BRT-FSB180
4549980725948,光エステ スムースエピ ES-WG0A-H [グレー]
4549980705858,光エステ スムースエピ ES-WP9A-H [グレー]
4549980705865,Panasonic (パナソニック) 光エステ スムースエピ ES-WH7A-W [ホワイト]
4549980621882,ボディトリマー ER-GK81-S
4549980708071,VIOフェリエ ES-WV62-H
4549980426616,脱毛器 ES-EL8B-P
4540790303135,脱毛器 レイボーテ Rフラッシュ ダブルPLUS VIタイプ STA-212
4987176168719,シルクエキスパート Pro 3 PL3138 シルクエキスパート 脱毛器
4210201412984,シルク・エキスパート Pro5 PL5267
4210201211457,脱毛器 ブラウン-BRAUN-PL-3111
4210201298939,脱毛器シルクエキスパート PL-3000
4210201234456,脱毛器光美容器 PL-5124
4210201212997,脱毛器光美容器 PL-5137
4549980602768,脱毛器 光エステ ES-CWP82
4549980262016,脱毛器 光エステ ES-CWP81
4549980426678,脱毛器 光エステ ES-WP82
4549980471975,脱毛器 光エステ ES-WP97
4549980458839,脱毛器 光エステ ES-WH77
4589764321997,FESTINO SMHB-033-WH [ホワイト]
4549980441657,スチーマー スチーマー ナノケア EH-SA3B
4549980676172,EH-SA70
4549980511763,スチーマー EH-SA3C-N
4549980433997,スチーマー ナノケア EH-SA0B
4549980616994,目もとエステ EH-SW68-N
4540790276835,ミーゼ スカルプリフト アクティブ MS-80G
4540790333934,ミーゼ ニードルヘッドスパリフト MS-31N
4540790365836,ミーゼ ニードルヘッドスパリフト アクティブ MS-32G
4540790332234,ミーゼ スカルプリフト プラス MS-82W-1
4549980490754,頭皮エステ EH-HE9G
4549980490747,頭皮エステ サロンタッチ ブラウン調 EH-HE0G-T
4549980742280,頭皮エステ EH-HE9J-S [シルバー調]
4549980729656,頭皮エステ EH-HE0J-S [シルバー調]
4210201423362,光美容器 Pro3 PL3133
4210201358510,光美容器 シルクエキスパート PL-5237
4210201436737,光美容器 Pro5 PL5157
4210201413288,光美容器 Pro5 PL5387
4210201413042,光美容器 Pro5 PL5243
4549980568378,光美容器 ベーシックタイプ ES-WP88-N
4549980568361,光美容器 ハイパワータイプ ES-WP98-N
4987176168757,シルク・エキスパート Pro5 PL5248
4210201366546,シルク・エキスパート PL-5227
4987176168764,シルク・エキスパート Pro5 PL5268
4210201212768,シルク・エキスパート PL-5117
4549980617014,EH-ST98
4549980496350,EH-SM50-N
4549980617007,EH-CSW68-N
4549980354919,パナソニック 美顔器 コードレス ピンク EH-SP20-P
4549980617069,美顔器 EW-KA65-W
4549980441664,美顔器 EH-SP21-N
4549980511756,美顔器 EH-SR74-N
4549980687611,イオン美顔器 イオンブースト マルチ EH-ST0A
4549980687628,ソニック RF リフト EH-SR75
4549980652923,光美顔器 フォト ブライトショット EH-SL85-W
4549980741054,Panasonic バイタリフト ブラシ EH-SP60-H [グレージュ]
4549980741108,Panasonic イオン美顔器 イオンブースト マルチ EX EH-SS85-W [ホワイト]
4549980573839,バイタリフト かっさ EH-SP85-K
4549980667286,バイタリフト RF EH-SR85-K
4582521683680,EMSリフトブラシ SAL22206SL
4540790217333,ミーゼ スカルプリフト ポーチセット MS-80W-1
4974019155531,SHARP ヘルシオ AX-XJ1-W [ホワイト系]
4974305230782,象印 STAN. CK-PA08-BA ブラック
4904710443323,土鍋ご泡火炊き JRX-S100-WS [ミストホワイト]
4904710441091,炊きたて ご泡火炊き JRI-A100-KM [マットブラック]
4904710434536,蒸気レスVE電気まほうびん とく子さん PIS-A221
4904710434543,蒸気レスVE電気まほうびん とく子さん PIS-A301
4974305221957,VE電気まほうびん 優湯生 CV-GC30
4974305221940,VE電気まほうびん 優湯生 CV-GC22
4974305217158,STAN. CP-CA12-BA [ブラック]
4974305218230,STAN. CP-CA12-WA [ホワイト]
4974305220714,BM-SA10
8021098775030,ハンドブレンダー マルチクイック７MultiQuick 7 ブラック／シルバー MQ7035XG
4549980573860,フードプロセッサー MK-K82-W ホワイト
4514499105796,BOE021-RD [レッド]
4983771137761,ホットプレート XGRILL PREMIUM YGMC-FXT130
4904710436387,CQG-B301
4974305224774,あじまる EP-FS30-BA [ブラック]
4974305218995,やきやき EA-DE10
4974305222138,ホットプレート やきやき EA-KK30-BA ブラック
4974305224811,デイリーコンパクトプレート EJ-DE30-BA [ブラック]
4974305218933,やきやき ホットプレート EA-KJ30-BA ブラック
4974305222107,ホットプレート やきやき EA-GZ30
4560330111976,BALMUDA The Plate Pro K10A-BK [ブラック]
4549077750389,ホットプレート NF-W300-S
4962365070578,グラファイト グリル&トースター AGT-G13B(W) [ホワイト]
4962365070561,グラファイト グリル&トースター AGT-G13B(G) [グリーン]
4962365070455,グラファイトトースター AET-GS13C-W ホワイト
4962365070448,グラファイトトースター AET-GS13C-G グリーン
4975058448615,匠ブランジェトースター TS-D486B [ブラック]
4904710434840,オーブントースター やきたて KAM-S131-R レッド
4904710434857,オーブントースター やきたて KAM-S131-KM マットブラック
4974305222046,オーブントースター ET-GP30-BZ
4974305222084,こんがり倶楽部 EQ-AH22
4514499155913,スチーム&ベイク トースター crassy+ BOE067-BK ブラック
4560330110146,BALMUDA The Toaster K05A-WH [ホワイト]
4560330110139,BALMUDA The Toaster K05A-BK [ブラック]
4560330110153,BALMUDA The Toaster K05A-BG [ベージュ]
4560330110672,BALMUDA The Toaster K05A-CG [チャコールグレー]
4560330111747,BALMUDA The Toaster K11A-CW [ショコラ]
4560330111709,BALMUDA The Toaster K11A-BK [ブラック]
4549980611944,オーブントースター ビストロ ブラック NT-D700-K
4549980535318,オーブントースター ビストロ ホワイト NT-D700-W
4549980452127,NT-T501-W [ホワイト]
4549980452134,NT-T501-H [グレー]
4904710429570,電気ケトル 蒸気レスVE電気まほうびん とく子さん PIM-G300
4904710426081,電気ケトル 6SAFE+ PCK-A080-WM [マットホワイト]
4904710426074,電気ケトル 6SAFE+ PCK-A080-KM [マットブラック]
4904710427064,電気ケトル 5SAFE+ PCL-A100-AS [スレートブルー]
4974305217950,電気ケトル CK-AX10-WA [ホワイト]
4974305224002,CK-DB08-WA [ホワイト]
4974305224026,CK-DB08-BM [スレートブラック]
3045387241513,ジャスティン プラス 1.2L KO4904JP [スカイブルー]
3045387241520,ジャスティン プラス 1.2L KO4907JP [シュガーピンク]
4560330110696,BALMUDA The Pot K07A-BK [ブラック]
4974305224323,EVERINO ES-JA23-WA [ホワイト]
4974305224316,EVERINO ES-JA23-BM [スレートブラック]
4974305224064,EVERINO ES-GU26-BM [スレートブラック]
4974305224071,EVERINO ES-GU26-WA [ホワイト]
4974019187235,RE-SD18A
4550556103152,PLAINLY RE-WF184-W [ホワイト系]
4550556103169,PLAINLY RE-WF184-B [ブラック系]
4974019174761,LAINLY RE-TS171-B [ブラック系]
4974019174778,PLAINLY RE-TS171-W [ホワイト系]
4974019133560,RE-TM18-B [ブラック系]
4974019130392,RE-TM18-W [ホワイト系]
4904530112973,ER-X18
4904530113000,ER-XS23(K) [ブラック]
4904530112997,ER-XS23(W) [ホワイト]
4904530120398,ER-M17Y(W) [ホワイト]
4904530120381,ER-S17Y(W) [ホワイト]
4549980756010,ビストロ NE-BS5B-W [ホワイト]
4549980594582,NE-FS3A
4549980717462,NE-FS3B-W [ホワイト]
4549980712313,NE-MS4B-K [ブラック]
4549980513132,NE-FL222
4549980673096,NE-FL1A-W [ホワイト]
4975058628215,DR-F282B
4560330111389,BALMUDA The Range K09A-SU [ステンレス]
4560330111365,BALMUDA The Range K09A-BK [ブラック]
4560330111372,BALMUDA The Range K09A-WH [ホワイト]
4549873176208,HMR-MF22A
4904530110023,真空圧力IH RC-10ZWT(K) [グランブラック]
4904530112171,真空圧力IH RC-10VXT(K) [グランブラック]
4904530112164,真空圧力IH RC-10VXT(W) [ホワイト]
4904530112195,真空圧力IH RC-18VXT(K) [グランブラック]
4904530112188,真空圧力IH RC-18VXT(W) [ホワイト]
4904530112133,真空圧力IH RC-10VST(K) [グランブラック]
4904530112126,真空圧力IH RC-10VST(W) [ホワイト]
4904530112157,真空圧力IH RC-18VST(K) [グランブラック]
4904530112140,真空圧力IH RC-18VST(W) [ホワイト]
4902901905018,本炭釜 紬 NJ-BWD10-W [月白]
4902901905223,本炭釜 NJ-SWD06
4902901905230,備長炭 炭炊釜 NJ-SED06-W [月白]
4902901905247,備長炭 炭炊釜 NJ-SED06-B [黒曜]
4549980470091,炊飯器 おどり炊き SR-VSX101-W [ホワイト]
4904710437933,土鍋ご泡火炊き JPL-H100-KG [グラファイトブラック]
4904710438695,土鍋ご泡火炊き JRX-T100-KT [コスモブラック]
4904710438701,土鍋ご泡火炊き JRX-T100-WT [ムーンホワイト]
4904710437681,炊きたて ご泡火炊き JPI-X100-KX [フォグブラック]
4904710437698,炊きたて ご泡火炊き JPI-X100-WX [タルクホワイト]
4904710437780,炊きたて ご泡火炊き JPI-X100-RX [バーガンディ]
4902901905025,本炭釜 紬 NJ-BWD10-B [黒曜]
4974305220240,象印 極め炊き NW-JX10-WA [ホワイト]
4974305220226,象印 極め炊き NW-JX10-BA [ブラック]
4974305224217,象印 極め炊き NW-CB10-WA [ホワイト]
4974305224194,象印 極め炊き NW-CB10-BA [ブラック]
4974305224255,象印 極め炊き NW-VE10-BA [ブラック]
4974305224279,象印 極め炊き NW-VE10-WA [ホワイト]
4974305224125,象印 炎舞炊き NW-FB10-WZ [絹白]
4974305224101,象印 炎舞炊き NW-FB10-BZ [濃墨]
4974305224248,象印 極め炊き NW-YA10-WA [ホワイト]
4974305224224,象印 極め炊き NW-YA10-BA [ブラック]
4549980736364,SR-CR10A-K [ブラック]
840353926936,Pixel 10 128GB Indigo
840353926974,Pixel 10 128GB Frost
840353926912,Pixel 10 128GB Lemongrass
840353926899,Pixel 10 128GB Obsidian
840353926561,Pixel 10 256GB Indigo
840353926578,Pixel 10 256GB Lemongrass
840353926554,Pixel 10 256GB Obsidian
840353925519,Pixel 10 Pro 256GB Moonstone
840353925465,Pixel 10 Pro 256GB Jade
840353925489,Pixel 10 Pro 256GB Porcelain
840353925410,Pixel 10 Pro 256GB Obsidian
840353925557,Pixel 10 Pro 512GB Obsidian
840353927711,Pixel 10 Pro XL 256GB Moonstone
840353927735,Pixel 10 Pro XL 256GB Jade
840353927766,Pixel 10 Pro XL 256GB Porcelain
840353927667,Pixel 10 Pro XL 256GB Obsidian
840353927292,Pixel 10 Pro XL 512GB Obsidian
840353910997,Pixel 9 Obsidian 128GB
840353911284,Pixel 9 Porcelain 128GB
840353911376,Pixel 9 Wintergreen 128GB
840353911468,Pixel 9 Peony 128GB
840353911536,Pixel 9 Obsidian 256GB
840353911581,Pixel 9 Porcelain 256GB
840353912052,Pixel 9 Peony 256GB
840353906242,Pixel 9 Pro Obsidian 128GB
840353906259,Pixel 9 Pro Porcelain 128GB
840353906280,Pixel 9 Pro Obsidian 256GB
840353906297,Pixel 9 Pro Porcelain 256GB
840353906303,Pixel 9 Pro Hazel 256GB
840353917774,Pixel 9 Pro Rose Quartz 256GB
840353906310,Pixel 9 Pro Obsidian 512GB
840353906327,Pixel 9 Pro Porcelain 512GB
840353913868,Pixel 9 Pro XL Obsidian 128GB
840353914308,Pixel 9 Pro XL Porcelain 128GB
840353914339,Pixel 9 Pro XL Obsidian 256GB
840353914346,Pixel 9 Pro XL Porcelain 256GB
840353914353,Pixel 9 Pro XL Hazel 256GB
840353914667,Pixel 9 Pro XL Rose Quartz 256GB
840353914360,Pixel 9 Pro XL Obsidian 512GB
840353915572,Pixel 9 Pro XL Porcelain 512GB
840353922563,Pixel 9a Iris 256GB
840353922518,Pixel 9a Obsidian 256GB
840353923317,Google Pixel 9a Porcelain 256GB
840353922303,Pixel 9a Obsidian 128GB
840353922358,Pixel 9a Porcelain 128GB
840353922402,Pixel 9a Iris 128GB
840353922464,Pixel 9a Peony 128GB
840244708078,Pixel 8a Bay 128GB
840244708351,Pixel 8a Aloe 128GB
840244708054,Pixel 8a Obsidian 128GB
840244708061,Pixel 8a Porcelain 128GB
524580814028262,【開封】Galaxy A25 5G SM-A253C 4G+64G 楽天モバイル版[ブルー]
524580814028255,【開封】Galaxy A25 5G SM-A253C 4G+64G 楽天モバイル版 [ブラック]
524549046149640,【開封】Galaxy A25 5G SM-A253Z Y!mobile版 [ブルー]
524549046149657,【開封】Galaxy A25 5G SM-A253Z Y!mobile版 [ブラック]
524549046149664,【開封】Galaxy A25 5G SM-A253Z Y!mobile版[ライト ブルー]
524549046149473,【開封】Galaxy A25 5G SM-A253Z 4G+64G softbank版 [ブルー]
524549046149480,【開封】Galaxy A25 5G SM-A253Z 4G+64G softbank版 [ブラック]
524549046149497,【開封】Galaxy A25 5G SM-A253Z 4G+64G softbank版 [ライト ブルー]
524942857242843,【開封】Galaxy A25 5G SC-53F docomo版 [ブルー]
524942857242850,【開封】Galaxy A25 5G SC-53F docomo版 [ブラック]
524942857242836,【開封】Galaxy A25 5G SC-53F docomo版 [ライト ブルー]
524941787136048,【開封】Galaxy A25 5G SCG33 4G+64G au版 [ブルー]
524941787136062,【開封】Galaxy A25 5G SCG33 4G+64G au版 [ブラック]
524986773243515,【開封】Galaxy A25 5G SM-A253Q 4G+64G SIMフリー [ブルー]
524941787136024,【開封】Galaxy A25 5G SCG33 4G+64G au版 [ライト ブルー]
524986773243522,【開封】Galaxy A25 5G SM-A253Q 4G+64G SIMフリー [ブラック]
524986773243508,【開封】Galaxy A25 5G SM-A253Q 4G+64G SIMフリー [ライト ブルー]
4580814028262,【未開封】Galaxy A25 5G SM-A253C 4G+64G 楽天モバイル版[ブルー]
4580814028255,【未開封】Galaxy A25 5G SM-A253C 4G+64G 楽天モバイル版 [ブラック]
4549046149640,【未開封】Galaxy A25 5G SM-A253Z Y!mobile版 [ブルー]
4549046149657,【未開封】Galaxy A25 5G SM-A253Z Y!mobile版 [ブラック]
4549046149664,【未開封】Galaxy A25 5G SM-A253Z Y!mobile版[ライト ブルー]
4549046149473,【未開封】Galaxy A25 5G SM-A253Z 4G+64G softbank版 [ブルー]
4549046149480,【未開封】Galaxy A25 5G SM-A253Z 4G+64G softbank版 [ブラック]
4549046149497,【未開封】Galaxy A25 5G SM-A253Z 4G+64G softbank版 [ライト ブルー]
4942857242843,【未開封】Galaxy A25 5G SC-53F docomo版 [ブルー]
4942857242850,【未開封】Galaxy A25 5G SC-53F docomo版 [ブラック]
4942857242836,【未開封】Galaxy A25 5G SC-53F docomo版 [ライト ブルー]
4941787136048,【未開封】Galaxy A25 5G SCG33 4G+64G au版 [ブルー]
4941787136062,【未開封】Galaxy A25 5G SCG33 4G+64G au版 [ブラック]
4941787136024,【未開封】Galaxy A25 5G SCG33 4G+64G au版 [ライト ブルー]
4986773243515,【未開封】Galaxy A25 5G SM-A253Q 4G+64G SIMフリー [ブルー]
4986773243522,【未開封】Galaxy A25 5G SM-A253Q 4G+64G SIMフリー [ブラック]
4986773243508,【未開封】Galaxy A25 5G SM-A253Q 4G+64G SIMフリー [ライト ブルー]
4550556144285,AQUOS sense9 SH-M29 128GB ブルー
4550556144322,AQUOS sense9 SH-M29 128GB ブラック
4550556144292,AQUOS sense9 SH-M29 128GB コーラル
4550556144315,AQUOS sense9 SH-M29 128GB ホワイト
4549046143990,Xperia 10 VI A402SO ブルー Softbank版
4549046144003,Xperia 10 VI A402SO ホワイト Softbank版
4549046144010,SONY Xperia 10 VI A402SO ブラック SoftBank版
524549046141163,【開封】OPPO A79 5G A303OP Ymobile版[グローグリーン]
524549046141170,【開封】OPPO A79 5G A303OP Ymobile版[ミステリーブラック]
524549046147882,【開封】OPPO A3 5G 4GB+128GB A402OP Ymobile版 [パープル]
524549046147899,【開封】OPPO A3 5G 4GB+128GB A402OP Ymobile版 [ブラック]
524580038872504,【開封】OPPO A5 5G 4GB+128GB A502OP Ymobile版[グリーン]
524580038872511,【開封】OPPO A5 5G 4GB+128GB A502OP Ymobile版[ホワイト]
5.20149417871495E+016,【開封】OPPO A5 5G 4GB+128GB OPG06 UQ版[グリーン]
5.20149417871495E+016,【開封】OPPO A5 5G 4GB+128GB OPG06 UQ版[ホワイト]
524941787149543,【開封】OPPO A5 5G 4GB+128GB OPG06 au版[グリーン]
524941787149536,【開封】OPPO A5 5G 4GB+128GB OPG06 au版[ホワイト]
4549046141163,OPPO A79 5G A303OP Ymobile版[グローグリーン]
4549046141170,OPPO A79 5G A303OP Ymobile版[ミステリーブラック]
4549046147882,OPPO A3 5G 4GB+128GB A402OP Ymobile版 [パープル]
4549046147899,OPPO A3 5G 4GB+128GB A402OP Ymobile版 [ブラック]
4580038872504,OPPO A5 5G 4GB+128GB A502OP Ymobile版[グリーン]
4580038872511,OPPO A5 5G 4GB+128GB A502OP Ymobile版[ホワイト]
14941787149543,OPPO A5 5G 4GB+128GB OPG06 UQ版[グリーン]
14941787149536,OPPO A5 5G 4GB+128GB OPG06 UQ版[ホワイト]
4941787149543,OPPO A5 5G 4GB+128GB OPG06 au版[グリーン]
4941787149536,OPPO A5 5G 4GB+128GB OPG06 au版[ホワイト]
4901770777115,ボンボンドロップシール ちいかわ
4901770777122,ボンボンドロップシール ハチワレ
4901770777139,ボンボンドロップシール うさぎ
4901770777146,ボンボンドロップシール モモンガ
4901770777153,ボンボンドロップシール 古本屋
4901770777177,ボンボンドロップシール みんな ニコニコ
4901770777184,ボンボンドロップシール みんな ポーズ
4901770777160,ボンボンドロップシール ちいかわ×ハチワレ×うさぎ
4901770798042,ボンボンドロップシール サンリオキャラクターズ ハローキティ（赤）
4901770798059,ボンボンドロップシール サンリオキャラクターズ ハローキティ（ピンク）
4901770798066,ボンボンドロップシール サンリオキャラクターズ マイメロディ
4901770798073,ボンボンドロップシール サンリオキャラクターズ ハンギョドン
4901770798097,ボンボンドロップシール サンリオキャラクターズ ポムポムプリン
4901770798110,ボンボンドロップシール サンリオキャラクターズ クロミ
4901770798080,ボンボンドロップシール サンリオキャラクターズ はぴだんぶい
4901770776996,ボンボンドロップシール ハローキティA柄
4901770777009,ボンボンドロップシール ハローキティB柄
4901770777016,ボンボンドロップシール マイメロディ
4901770777023,ボンボンドロップシール ハンギョドン
4901770777030,ボンボンドロップシール ポムポムプリン
4901770777047,ボンボンドロップシール シナモロール
4901770777054,ボンボンドロップシール クロミ
4901770777061,ボンボンドロップシール はぴだんぶい
4901770938332,ボンボンドロップシール ミニ ハローキティ レッド
4901770938349,ボンボンドロップシール ミニ ハローキティ ピンク
4901770938356,ボンボンドロップシール ミニ マイメロディ
4901770938387,ボンボンドロップシール ミニ ハンギョドン
4901770938400,ボンボンドロップシール ミニ ポムポムプリン
4901770938479,ボンボンドロップシール ミニ シナモロール
4901770938905,ボンボンドロップシール ミニ クロミ
4901770938912,ボンボンドロップシール ミニ はぴだんぶい
4901770798035,ボンボンドロップシール ディズニー モンスターズインク
4901770798028,ボンボンドロップシール ズートピア
4901770797991,ボンボンドロップシール スティッチらくがき
4901770798004,ボンボンドロップシール スティッチ＆エンジェル
4901770798103,ボンボンドロップシール サンリオキャラクターズ シナモロール
4901770797960,ボンボンドロップシール ディズニー くまのプーさん
4901770797977,ボンボンドロップシール ディズニー ディズニープリンセス
4901770797984,ボンボンドロップシール ディズニー ディズニークラシック
4901770798011,ボンボンドロップシール ディズニー ベイマックス
4901770938295,ボンボンドロップシール ミニ ベイマックスハート
4901770938301,ボンボンドロップシール ミニ ベイマックス パワードスーツ
4901770776958,ボンボンドロップシール ベイマックスA
4901770776965,ボンボンドロップシール ベイマックスB
4901770776910,ボンボンドロップシール くまのプーさん
4901770776927,ボンボンドロップシール ヤングオイスター
4901770776934,ボンボンドロップシール 101匹わんちゃん
4901770776941,ボンボンドロップシール スティッチ
4901770776972,ボンボンドロップシール ズートピア
4901770776989,ボンボンドロップシール エイリアン
4901770936994,ボンボンドロップシール ミニ くまのプーさん
4901770938257,ボンボンドロップシール ミニ ヤングオイスター
4901770938271,ボンボンドロップシール ミニ 101匹わんちゃん
4901770938288,ボンボンドロップシール ミニ スティッチ
4901770938318,ボンボンドロップシール ミニ ズートピア
4901770938325,ボンボンドロップシール ミニ エイリアン
4550391947379,ボンボンドロップシール しずくちゃん
4550391947386,ボンボンドロップシール うるおいちゃん
4550391947393,ボンボンドロップシール みるみるちゃん
4550391947409,ボンボンドロップシール しずくの森のなかまたち
4550391042821,ボンボンドロップシール ミニ しずくちゃん
4550391042838,ボンボンドロップシール ミニ うるおいちゃん
4550391042845,ボンボンドロップシール ミニ みるみるちゃん
4550391042852,ボンボンドロップシール ミニ しずくの森のなかまたち
4901770112374,ボンボンドロップシール たまごっち まめっち
4901770114804,ボンボンドロップシール たまごっち めめっち
4901770114811,ボンボンドロップシール たまごっち くちぱっち
4901770114835,ボンボンドロップシール たまごっち みみっち
4901770777078,ボンボンドロップシール ピーナッツ スヌーピーA
4901770777085,ボンボンドロップシール ピーナッツ スヌーピーB
4901770777092,ボンボンドロップシール ピーナッツ スヌーピーC
4901770777108,ボンボンドロップシール ピーナッツ スヌーピーD
4901770798158,ボンボンドロップシール スヌーピー＆きょうだいたち
4901770798141,ボンボンドロップシール スヌーピー＆フレンズ
4901770798134,ボンボンドロップシール ピーナッツ スヌーピー ランドリー
4901770798127,ボンボンドロップシール ピーナッツ スヌーピー ビーグル・スカウト
